ら@戳,}L基,程蔼基,程C基,ΜL基,Θユq,А基[5],А基[20],А基[60],А基[120],Аq[5],Аq[20],Аq[60],Аq[120]
20181122,11.25,11.35,11.15,11.15,9547,0,0,0,0,0,0,0,0
20181123,11.2,11.25,11.1,11.2,5118,0,0,0,0,0,0,0,0
20181126,12,12.3,11.8,12,101042,0,0,0,0,0,0,0,0
20181127,11.8,11.95,11.7,11.9,39186,0,0,0,0,0,0,0,0
20181128,11.95,12.1,11.85,12,29753,11.65,0,0,0,36929,0,0,0
20181129,12,12.05,11.85,11.85,27120,11.79◆,0,0,0,40444◆,0,0,0
20181130,11.8,12.05,11.8,11.95,22745,11.94◆,0,0,0,43969◆,0,0,0
20181203,12.15,12.2,12,12.1,25769,11.96◆,0,0,0,28915□,0,0,0
20181204,12.1,12.25,11.95,12.15,23593,12.01◆,0,0,0,25796□,0,0,0
20181205,11.95,12.1,11.95,12.1,14050,12.03◆,0,0,0,22656□,0,0,0
20181206,12.1,12.1,11.7,11.75,22380,12.01□,0,0,0,21708□,0,0,0
20181207,11.85,12,11.8,11.95,9921,12.01,0,0,0,19143□,0,0,0
20181210,11.85,11.9,11.7,11.75,8535,11.94□,0,0,0,15696□,0,0,0
20181211,11.75,11.9,11.75,11.85,8340,11.88□,0,0,0,12645□,0,0,0
20181212,11.9,11.95,11.85,11.9,7729,11.84□,0,0,0,11381□,0,0,0
20181213,11.75,11.8,11.65,11.75,16939,11.84,0,0,0,10293□,0,0,0
20181214,11.7,11.75,11.55,11.6,12312,11.77□,0,0,0,10771◆,0,0,0
20181217,11.55,11.75,11.55,11.55,7474,11.73□,0,0,0,10559□,0,0,0
20181218,11.5,11.5,11.3,11.3,11193,11.62□,0,0,0,11130◆,0,0,0
20181219,11.35,11.45,11.3,11.35,6488,11.51□,11.76,0,0,10881□,20462,0,0
20181220,11.3,11.5,11.25,11.3,8953,11.42□,11.77◆,0,0,9284□,20432□,0,0
20181221,11.25,11.35,11.2,11.3,8346,11.36□,11.77◆,0,0,8491□,20594◆,0,0
20181222,11.25,11.35,11.2,11.3,3221,11.31□,11.74□,0,0,7640□,15702□,0,0
20181224,11.35,11.45,11.3,11.4,5163,11.33◆,11.71□,0,0,6434□,14001□,0,0
20181225,11.15,11.3,11.15,11.15,7124,11.29□,11.67□,0,0,6562◆,12870□,0,0
20181226,11.2,11.3,11.05,11.05,6167,11.24□,11.63□,0,0,6004□,11822□,0,0
20181227,11.3,11.3,11.15,11.15,12068,11.21□,11.59□,0,0,6749◆,11288□,0,0
20181228,11.15,11.15,10.85,10.95,15305,11.14□,11.53□,0,0,9166◆,10765□,0,0
20190102,11,11.05,10.9,10.9,5203,11.04□,11.47□,0,0,9174◆,9846□,0,0
20190103,10.9,10.9,10.6,10.65,12762,10.94□,11.40□,0,0,10301◆,9781□,0,0
20190104,10.5,10.5,10.2,10.45,15372,10.82□,11.33□,0,0,12142◆,9431□,0,0
20190107,10.65,10.85,10.6,10.85,8572,10.76□,11.28□,0,0,11443□,9363□,0,0
20190108,10.85,10.85,10.65,10.7,6603,10.71□,11.22□,0,0,9703□,9267□,0,0
20190109,10.8,11.05,10.75,11,10894,10.73◆,11.18□,0,0,10841◆,9395◆,0,0
20190110,11.05,11.05,10.85,11,7083,10.80◆,11.14□,0,0,9705□,9362□,0,0
20190111,10.9,10.95,10.75,10.75,8645,10.86◆,11.09□,0,0,8360□,8948□,0,0
20190114,10.8,10.9,10.6,10.6,6493,10.81□,11.04□,0,0,7944□,8657□,0,0
20190115,10.65,10.75,10.65,10.7,5598,10.81,10.99□,0,0,7743□,8563□,0,0
20190116,10.75,10.8,10.7,10.7,5118,10.75□,10.96□,0,0,6588□,8259□,0,0
20190117,10.7,10.8,10.6,10.65,5866,10.68□,10.93□,0,0,6344□,8228□,0,0
20190118,10.65,10.8,10.65,10.75,4632,10.68,10.90□,0,0,5542□,8012□,0,0
20190121,10.8,10.95,10.75,10.8,8722,10.72◆,10.88□,0,0,5987◆,8031◆,0,0
20190122,10.75,10.85,10.6,10.6,9887,10.70□,10.84□,0,0,6845◆,8364◆,0,0
20190123,10.55,10.65,10.5,10.6,5660,10.68□,10.80□,0,0,6954◆,8389◆,0,0
20190124,10.65,10.65,10.5,10.5,8587,10.65□,10.77□,0,0,7498◆,8462◆,0,0
20190125,10.6,10.7,10.55,10.6,9208,10.62□,10.75□,0,0,8413◆,8614◆,0,0
20190128,10.65,10.8,10.65,10.75,7380,10.61□,10.73□,0,0,8145□,8380□,0,0
20190129,10.75,10.75,10.6,10.65,8263,10.62◆,10.71□,0,0,7820□,8028□,0,0
20190130,10.7,10.75,10.6,10.7,8276,10.64◆,10.70□,0,0,8343◆,8181◆,0,0
20190211,10.75,10.8,10.55,10.6,13085,10.66◆,10.70□,0,0,9243◆,8197◆,0,0
20190212,10.6,10.75,10.55,10.65,16254,10.67◆,10.71◆,0,0,10652◆,8241◆,0,0
20190213,10.7,10.95,10.65,10.9,15456,10.70◆,10.71◆,0,0,12267◆,8586◆,0,0
20190214,10.9,10.95,10.8,10.85,11152,10.74◆,10.72◆,0,0,12845◆,8813◆,0,0
20190215,10.8,10.85,10.7,10.7,7440,10.74,10.70□,0,0,12678□,8640□,0,0
20190218,10.8,10.95,10.7,10.95,14266,10.81◆,10.70□,0,0,12914◆,9000◆,0,0
20190219,11.05,11.4,11.05,11.15,33240,10.91◆,10.72◆,0,0,16311◆,10229◆,0,0
20190220,11.15,11.2,11.05,11.15,14828,10.96◆,10.75◆,0,0,16185□,10646◆,0,0
20190221,11.15,11.2,11,11.2,12509,11.03◆,10.77◆,0,0,16457◆,10992◆,0,0
20190222,11.15,11.15,11.05,11.1,7776,11.11◆,10.79◆,0,0,16524◆,11124◆,0,0
20190225,11.15,11.2,11.05,11.05,9719,11.13◆,10.81◆,11.17,0,15615□,11317◆,13336,0
20190226,11.1,11.2,10.95,10.95,10780,11.09□,10.82◆,11.16□,0,11123□,11625◆,13356◆,0
20190227,10.95,11.05,10.95,10.95,7376,11.05□,10.83◆,11.16□,0,9632□,11557□,13394◆,0
20190304,10.95,11.1,10.9,11.05,11396,11.02□,10.85◆,11.14□,0,9410□,11633◆,11900□,0
20190305,11,11.05,10.95,11,6164,11.00□,10.87◆,11.13□,0,9087□,11658◆,11349□,0
20190306,11,11.05,10.95,10.95,7919,10.98□,10.90◆,11.11□,0,8727□,11624□,10985□,0
20190307,10.95,11.05,10.95,11,5791,10.99◆,10.92◆,11.10□,0,7729□,11454□,10630□,0
20190308,10.95,11,10.9,10.9,5835,10.98□,10.92◆,11.08□,0,7421□,11376□,10348□,0
20190311,10.9,11.15,10.9,11.15,12152,11.00◆,10.95◆,11.06□,0,7572◆,11571◆,10121□,0
20190312,11.15,11.3,11.1,11.3,20935,11.06◆,10.98◆,11.05□,0,10527◆,12204◆,10077□,0
20190313,11.35,11.4,11.25,11.3,14899,11.13◆,11.01◆,11.04□,0,11923◆,12294◆,10091◆,0
20190314,11.3,11.3,11.1,11.15,8114,11.16◆,11.04◆,11.03□,0,12387◆,11887□,9853□,0
20190315,11.2,11.3,11.15,11.2,7646,11.22◆,11.05◆,11.01□,0,12749◆,11497□,9815□,0
20190318,11.25,11.3,11.2,11.3,6720,11.25◆,11.08◆,11.01□,0,11663□,11275□,9785□,0
20190319,11.3,11.3,11.1,11.2,7454,11.23□,11.10◆,11.00□,0,8967□,11276◆,9770□,0
20190320,11.2,11.25,11.15,11.15,5534,11.20□,11.11◆,10.98□,0,7094□,10839□,9734□,0
20190321,11.2,11.4,11.2,11.35,12986,11.24◆,11.12◆,10.98□,0,8068◆,9827□,9668□,0
20190322,11.4,11.45,11.2,11.25,11284,11.25◆,11.13◆,10.97□,0,8796◆,9650□,9651□,0
20190325,11.35,11.85,11.2,11.75,60200,11.34◆,11.15◆,10.97◆,0,19492◆,12034◆,10529◆,0
20190326,11.85,11.95,11.7,11.75,28393,11.45◆,11.19◆,10.98◆,0,23680◆,13065◆,10816◆,0
20190327,11.8,12.05,11.75,12,28211,11.62◆,11.23◆,10.99◆,0,28215◆,13990◆,11178◆,0
20190328,12.1,12.3,12.1,12.2,36881,11.79◆,11.30◆,11.01◆,0,32994◆,15295◆,11644◆,0
20190329,12.3,12.35,12,12.1,22274,11.96◆,11.35◆,11.02◆,0,35192◆,16040◆,11876◆,0
20190401,11.95,11.95,11.75,11.8,32876,11.97◆,11.39◆,11.03◆,0,29727□,17114◆,12370◆,0
20190402,11.8,11.9,11.75,11.75,11851,11.97,11.43◆,11.03◆,0,26419□,17398◆,12482◆,0
20190403,11.85,12,11.8,11.9,15343,11.95□,11.48◆,11.05◆,0,23845□,17769◆,12618◆,0
20190408,12,12.05,11.9,11.9,16342,11.89□,11.52◆,11.06◆,0,19737□,18297◆,12788◆,0
20190409,11.9,11.95,11.8,11.85,13451,11.84□,11.57◆,11.07◆,0,17973□,18677◆,12811◆,0
20190410,11.85,11.95,11.8,11.95,13480,11.87◆,11.61◆,11.09◆,0,14094□,18744◆,12781□,0
20190411,11.95,12,11.8,11.85,12629,11.89◆,11.64◆,11.11◆,0,14249◆,18329□,12904◆,0
20190412,11.85,11.9,11.75,11.75,10239,11.86□,11.66◆,11.12◆,0,13228□,18096□,12862□,0
20190415,11.8,11.85,11.8,11.8,8900,11.84□,11.69◆,11.15◆,0,11740□,18135◆,12755□,0
20190416,11.85,11.9,11.75,11.9,12301,11.85◆,11.73◆,11.16◆,0,11510□,18368◆,12817◆,0
20190417,11.9,11.9,11.8,11.85,9040,11.83□,11.75◆,11.18◆,0,10622□,18484◆,12857◆,0
20190418,11.85,11.9,11.55,11.55,20195,11.77□,11.77◆,11.19◆,0,12135◆,19121◆,13012◆,0
20190419,11.6,11.75,11.6,11.75,9971,11.77,11.80◆,11.20◆,0,12082□,19342◆,13060◆,0
20190422,11.85,11.9,11.75,11.8,9899,11.77,11.82◆,11.22◆,0,12281◆,19188□,13081◆,0
20190423,11.8,11.8,11.7,11.8,4533,11.75□,11.85◆,11.24◆,0,10728□,18851□,13049□,0
20190424,11.85,11.85,11.7,11.75,8247,11.73□,11.85,11.26◆,0,10569□,16253□,13093◆,0
20190425,11.75,11.75,11.6,11.65,12570,11.75◆,11.85□,11.28◆,0,9044□,15462□,13217◆,0
20190426,11.6,11.65,11.45,11.5,25399,11.70□,11.82□,11.29◆,0,12130◆,15321□,13543◆,0
20190429,11.55,11.7,11.5,11.55,8254,11.65□,11.79□,11.30◆,0,11801□,13890□,13603◆,0
20190430,11.6,11.65,11.5,11.65,6978,11.62□,11.77□,11.32◆,0,12290◆,13125□,13574□,0
20190502,11.65,11.75,11.6,11.65,6607,11.60□,11.76□,11.33◆,0,11962□,11812□,13519□,0
20190503,11.7,11.7,11.6,11.6,8825,11.59□,11.75□,11.35◆,0,11213□,11660□,13572◆,0
20190506,11.55,11.7,11.5,11.6,12824,11.61◆,11.74□,11.37◆,0,8698□,11534□,13643◆,0
20190507,11.65,11.7,11.6,11.65,7157,11.63◆,11.72□,11.39◆,0,8478□,11075□,13608□,0
20190508,11.6,11.65,11.55,11.65,7524,11.63,11.71□,11.40◆,0,8588◆,10779□,13611◆,0
20190509,11.6,11.65,11.5,11.6,10877,11.62□,11.70□,11.42◆,0,9442◆,10649□,13654◆,0
20190510,11.6,11.65,11.4,11.45,13739,11.59□,11.68□,11.43◆,0,10424◆,10704◆,13745◆,0
20190513,11.45,11.45,11.25,11.25,12858,11.52□,11.65□,11.44◆,0,10431◆,10835◆,13742□,0
20190514,11.15,11.4,11,11.35,12301,11.46□,11.63□,11.45◆,0,11460◆,11005◆,13676□,0
20190515,11.35,11.4,11.2,11.3,6193,11.39□,11.60□,11.46◆,0,11194□,10700□,13521□,0
20190516,11.35,11.45,11.3,11.3,9050,11.33□,11.57□,11.47◆,0,10828□,10700◆,13486□,0
20190517,11.4,11.45,11.15,11.2,12320,11.28□,11.55□,11.48◆,0,10545□,10306□,13568◆,0
20190520,11.2,11.3,11.15,11.2,5690,11.27□,11.53□,11.48◆,0,9111□,10092□,13425□,0
20190521,11.2,11.35,11.2,11.35,7408,11.27,11.50□,11.48◆,0,8132□,9968□,12994□,0
20190522,11.35,11.5,11.3,11.45,7487,11.30◆,11.49□,11.49◆,0,8391◆,10116◆,12872□,0
20190523,11.45,11.45,11.3,11.35,5110,11.31◆,11.47□,11.49◆,0,7603□,9959□,12749□,0
20190524,11.3,11.4,11.25,11.25,6685,11.32◆,11.45□,11.49◆,0,6476□,9664□,12730□,0
20190527,11.35,11.35,11.25,11.35,5536,11.35◆,11.44□,11.50◆,11.33,6445□,8671□,12661□,12998
20190528,11.4,11.65,11.4,11.5,18618,11.38◆,11.44□,11.51◆,11.34◆,8687◆,9189◆,12791◆,13074◆
20190529,11.45,11.55,11.4,11.45,7817,11.38,11.43□,11.52◆,11.34◆,8753◆,9231◆,12799◆,13096◆
20190530,11.45,11.55,11.4,11.45,6720,11.40◆,11.42□,11.52◆,11.33□,9075◆,9237◆,12721□,12310□
20190531,11.45,11.5,11.35,11.45,12174,11.44◆,11.41□,11.53◆,11.33□,10173◆,9405◆,12821◆,12085□
20190603,11.4,11.4,11.25,11.3,7650,11.43□,11.39□,11.54◆,11.32□,10596◆,9146□,12816□,11901□
20190604,11.3,11.35,11.2,11.25,8398,11.38□,11.37□,11.54◆,11.32□,8552□,9208◆,12860◆,11745□
20190605,11.35,11.4,11.3,11.3,10546,11.35□,11.36□,11.55◆,11.31□,9098◆,9359◆,12938◆,11643□
20190606,11.3,11.35,11.15,11.2,8224,11.30□,11.34□,11.55◆,11.31□,9399◆,9226□,12873□,11497□
20190610,11.3,11.3,11.2,11.25,4643,11.26□,11.33□,11.55□,11.30□,7892□,8772□,12601□,11339□
20190611,11.25,11.25,11.15,11.15,8065,11.23□,11.32□,11.54□,11.29□,7975◆,8532□,12487□,11289□
20190612,11.2,11.35,11.15,11.25,6825,11.23,11.32□,11.55◆,11.29□,7661□,8258□,12466□,11160□
20190613,11.25,11.3,11.2,11.25,6606,11.22□,11.31□,11.55◆,11.28□,6873□,8279◆,12449□,11132□
20190614,11.3,11.35,11.25,11.3,6773,11.24◆,11.31,11.55,11.28□,6583□,8165□,12450◆,11117□
20190617,11.35,11.45,11.35,11.45,11250,11.28◆,11.33◆,11.55◆,11.27□,7904◆,8111□,12513◆,11142◆
20190618,11.45,11.5,11.35,11.35,8033,11.32◆,11.33◆,11.55◆,11.27□,7898□,8229◆,12554◆,11144◆
20190619,11.45,11.55,11.4,11.55,13091,11.38◆,11.34◆,11.56◆,11.27□,9151◆,8513◆,12556◆,11112□
20190620,11.55,11.6,11.5,11.6,11740,11.45◆,11.35◆,11.56◆,11.27,10178◆,8725◆,12564◆,11107□
20190621,11.6,11.75,11.55,11.65,24991,11.52◆,11.37◆,11.56□,11.27◆,13821◆,9719◆,11977□,11253◆
20190624,11.65,11.7,11.6,11.7,15434,11.57◆,11.39◆,11.56□,11.27◆,14658◆,10157◆,11761□,11289◆
20190625,11.7,11.75,11.6,11.65,15647,11.63◆,11.40◆,11.55□,11.27◆,16181◆,10662◆,11552□,11365◆
20190626,11.65,11.65,11.55,11.6,37036,11.64◆,11.41◆,11.54□,11.28◆,20970◆,11583◆,11554◆,11599◆
20190627,10.7,10.75,10.6,10.65,31841,11.45□,11.37□,11.52□,11.27□,24990◆,12784◆,11714◆,11795◆
20190628,10.6,10.65,10.5,10.55,17924,11.23□,11.32□,11.50□,11.26□,23577□,13345◆,11464□,11917◆
20190701,10.65,10.65,10.5,10.55,14895,11.00□,11.28□,11.48□,11.26□,23469□,13481◆,11515◆,11998◆
20190702,10.55,10.55,10.4,10.45,14927,10.76□,11.24□,11.46□,11.25□,23325□,13845◆,11508□,12063◆
20190703,10.4,10.4,10.3,10.35,11504,10.51□,11.19□,11.43□,11.25□,18218□,14000◆,11428□,12108◆
20190704,10.4,10.45,10.35,10.4,7584,10.46□,11.15□,11.41□,11.24□,13367□,13852□,11330□,12070□
20190705,10.45,10.5,10.4,10.5,4478,10.45□,11.11□,11.38□,11.24□,10678□,13664□,11180□,11980□
20190708,10.5,10.5,10.4,10.4,4879,10.42□,11.07□,11.36□,11.23□,8675□,13676◆,11051□,11978□
20190709,10.4,10.5,10.4,10.45,6403,10.42,11.03□,11.34□,11.23□,6970□,13593□,10987□,11925□
20190710,10.45,10.5,10.4,10.45,4690,10.44◆,10.99□,11.31□,11.23,5607□,13486□,10917□,11836□
20190711,10.5,10.65,10.4,10.6,20779,10.48◆,10.96□,11.29□,11.23□,8246◆,14195◆,11058◆,11937◆
20190712,10.6,10.65,10.5,10.5,6538,10.48,10.92□,11.27□,11.23□,8658◆,14183□,11016□,11937□
20190715,10.55,10.6,10.4,10.5,12211,10.50◆,10.87□,11.25□,11.22□,10124◆,14231◆,10883□,11948◆
20190716,10.55,10.6,10.5,10.5,5229,10.51◆,10.83□,11.23□,11.22□,9890□,14091□,10804□,11932□
20190717,10.5,10.55,10.45,10.45,8027,10.51,10.78□,11.21□,11.21□,10557◆,13838□,10773□,11927□
20190718,10.45,10.5,10.4,10.4,5770,10.47□,10.72□,11.18□,11.21□,7555□,13539□,10793◆,11921□
20190719,10.4,10.65,10.4,10.5,42099,10.47,10.66□,11.16□,11.21□,14667◆,14395◆,11358◆,12225◆
20190722,10.55,10.6,10.45,10.45,7206,10.46□,10.60□,11.14□,11.21□,13666□,13983□,11268□,12243◆
20190723,10.5,10.55,10.4,10.4,6169,10.44□,10.53□,11.13□,11.21□,13854◆,13510□,10948□,12245◆
20190724,10.45,10.5,10.4,10.45,3226,10.44,10.48□,11.11□,11.20□,12894□,11819□,10864□,12233□
20190725,10.45,10.5,10.4,10.45,5930,10.45◆,10.47□,11.09□,11.20□,12926◆,10524□,10846□,12210□
20190726,10.4,10.5,10.4,10.4,5449,10.43□,10.46□,11.07□,11.20□,5596□,9900□,10827□,12173□
20190729,10.5,10.5,10.4,10.4,4542,10.42□,10.45□,11.05□,11.20□,5063□,9382□,10756□,12164□
20190730,10.45,10.55,10.4,10.45,7548,10.43◆,10.45,11.03□,11.20□,5339◆,9013□,10668□,12155□
20190731,10.45,10.5,10.4,10.4,5109,10.42□,10.45◆,11.01□,11.20□,5716◆,8693□,10634□,12121□
20190801,10.4,10.45,10.35,10.4,7154,10.41□,10.45,10.99□,11.19□,5961◆,8672□,10628□,12119□
20190802,10.4,10.4,10.2,10.25,12243,10.38□,10.44□,10.96□,11.19□,7319◆,9060◆,10650◆,12152◆
20190805,10.25,10.3,10,10.05,19948,10.31□,10.42□,10.94□,11.18□,10401◆,9814◆,10754◆,12250◆
20190806,9.9,9.98,9.8,9.96,13265,10.21□,10.40□,10.92□,11.18□,11544◆,10157◆,10761◆,12251◆
20190807,9.98,10.05,9.95,9.95,7222,10.12□,10.37□,10.89□,11.17□,11967◆,10283◆,10676□,12176□
20190808,9.99,9.99,9.92,9.96,7136,10.04□,10.34□,10.87□,11.17□,11963□,9601□,10692◆,12107□
20190812,9.92,9.93,9.76,9.77,14576,9.94□,10.31□,10.85□,11.16□,12430◆,10003◆,10784◆,12135◆
20190813,9.76,9.76,9.48,9.5,15789,9.83□,10.26□,10.82□,11.15□,11598□,10182◆,10842◆,12205◆
20190814,9.53,9.63,9.47,9.49,8537,9.74□,10.21□,10.79□,11.13□,10652□,10347◆,10889◆,12157□
20190815,9.4,9.4,9.21,9.23,15119,9.59□,10.14□,10.75□,11.12□,12232◆,10702◆,11018◆,12006□
20190816,9.27,9.44,9.22,9.41,10876,9.48□,10.09□,10.72□,11.10□,12980◆,10957◆,11074◆,11973□
20190819,9.47,9.7,9.45,9.69,9905,9.47□,10.05□,10.69□,11.09□,12045□,9348□,11154◆,11951□
20190820,9.74,10.05,9.71,9.82,22745,9.53◆,10.02□,10.67□,11.08□,13437◆,10125◆,11422◆,12076◆
20190821,9.83,9.88,9.75,9.8,5938,9.59◆,9.99□,10.64□,11.07□,12917□,10113□,11428◆,12044□
20190822,9.8,9.9,9.76,9.78,6645,9.70◆,9.96□,10.61□,11.06□,11222□,10284◆,11229□,12010□
20190823,9.76,9.79,9.71,9.75,4937,9.77◆,9.92□,10.59□,11.05□,10034□,10234□,11181□,11990□
20190826,9.58,9.63,9.56,9.58,5257,9.75□,9.88□,10.56□,11.04□,9105□,10225□,11156□,11939□
20190827,9.62,9.67,9.49,9.49,10053,9.68□,9.84□,10.52□,11.03□,6566□,10500◆,11121□,11971◆
20190828,9.56,9.69,9.56,9.66,5584,9.65□,9.80□,10.50□,11.02□,6495□,10402□,11087□,11951□
20190829,9.7,9.78,9.7,9.78,4873,9.65,9.77□,10.47□,11.00□,6141□,10390□,11028□,11944□
20190830,9.82,9.97,9.82,9.93,9490,9.69◆,9.74□,10.45□,11.00□,7052◆,10507◆,11010□,11974◆
20190902,9.95,10.05,9.92,10.05,5951,9.78◆,9.73□,10.43□,10.99□,7190◆,10192□,10972□,11923□
20190903,10.1,10.2,10,10.05,7176,9.90◆,9.73,10.41□,10.98□,6615□,9554□,11015◆,11808□
20190904,10.05,10.1,10,10.1,4980,9.98◆,9.74◆,10.39□,10.97□,6494□,9140□,10963□,11725□
20190905,10.15,10.2,10.1,10.1,7088,10.05◆,9.75◆,10.37□,10.96□,6937◆,9133□,10968◆,11717□
20190906,10.15,10.25,10.1,10.2,9050,10.10◆,9.76◆,10.35□,10.95□,6849□,9229◆,11008◆,11728◆
20190909,10.2,10.3,10.15,10.15,5715,10.12◆,9.78◆,10.34□,10.94□,6802□,8786□,10991□,11720□
20190910,10.15,10.25,10.15,10.25,6194,10.16◆,9.82◆,10.32□,10.93□,6606□,8306□,10906□,11710□
20190911,10.25,10.3,10.2,10.25,6941,10.19◆,9.85◆,10.30□,10.93□,6998◆,8226□,10888□,11721◆
20190912,10.3,10.45,10.25,10.4,13876,10.25◆,9.91◆,10.28□,10.92□,8355◆,8164□,10901◆,11729◆
20190916,10.6,11.05,10.6,10.85,80774,10.38◆,9.99◆,10.27□,10.91□,22700◆,11659◆,12052◆,12308◆
20190917,11,11.05,10.7,10.8,23535,10.51◆,10.04◆,10.25□,10.91□,26264◆,12340◆,12028□,12002□
20190918,10.7,10.7,10.6,10.6,12999,10.58◆,10.08◆,10.23□,10.90□,27625◆,11853□,11987□,11874□
20190919,10.65,10.7,10.45,10.5,11015,10.63◆,10.11◆,10.21□,10.88□,28440◆,12107◆,11910□,11731□
20190920,10.5,10.7,10.5,10.65,11290,10.68◆,10.16◆,10.20□,10.87□,27923□,12339◆,11481□,11517□
20190923,10.65,10.7,10.5,10.6,8248,10.63□,10.20◆,10.20□,10.86□,13418□,12505◆,11087□,11401□
20190924,10.6,10.65,10.5,10.5,5917,10.57□,10.25◆,10.20□,10.85□,9894□,12538◆,10887□,11176□
20190925,10.5,10.5,10.4,10.5,5949,10.55□,10.30◆,10.20□,10.84□,8484□,12332□,10738□,11127□
20190926,10.6,10.8,10.3,10.3,36449,10.51□,10.33◆,10.19□,10.82□,13571◆,13876◆,11097◆,11303◆
20190927,10.2,10.3,9.99,9.99,24302,10.38□,10.34◆,10.19□,10.81□,16173◆,14847◆,11310◆,11369◆
20191001,10.05,10.1,10,10.05,6945,10.27□,10.35◆,10.18□,10.79□,15913□,14720□,11300□,11315□
20191002,10,10.05,9.98,9.99,5781,10.17□,10.34□,10.17□,10.78□,15885□,14711□,11321◆,11251□
20191003,9.95,10.05,9.92,10,4977,10.07□,10.34□,10.17□,10.76□,15691□,14601□,11323◆,11187□
20191004,10,10.1,9.99,10.05,5968,10.02□,10.34□,10.16□,10.75□,9595□,14651◆,11316□,11151□
20191007,10.05,10.2,10,10.15,7795,10.05◆,10.34◆,10.15□,10.73□,6293□,14686◆,11367◆,11142□
20191008,10.15,10.25,10.1,10.1,6145,10.06◆,10.34□,10.15□,10.72□,6133□,14541□,11124□,11091□
20191009,10.1,10.2,10.05,10.05,8329,10.07◆,10.33□,10.14□,10.70□,6643◆,14672◆,11153◆,11085□
20191014,10.15,10.25,10.05,10.1,19115,10.09◆,10.32□,10.13□,10.69□,9471◆,15318◆,11268◆,11076□
20191015,10.15,10.2,10.05,10.1,9324,10.10◆,10.32□,10.12□,10.68□,10142◆,15437◆,11337◆,11070□
20191016,10.15,10.35,10.15,10.3,14699,10.13◆,10.31□,10.12□,10.67□,11523◆,15478◆,11448◆,11110◆
20191017,10.35,10.4,10.3,10.4,8305,10.19◆,10.29□,10.12,10.65□,11955◆,11854□,11490◆,11142◆
20191018,10.4,10.45,10.3,10.3,6774,10.24◆,10.26□,10.12□,10.64□,11644□,11016□,10901□,11130□
20191021,10.3,10.55,10.3,10.5,16834,10.32◆,10.26□,10.12◆,10.63□,11187□,11208◆,11062◆,11165◆
20191022,10.5,10.5,10.35,10.45,8772,10.39◆,10.26□,10.12◆,10.62□,11077□,11096□,11105◆,11026□
20191023,10.45,10.45,10.3,10.3,6437,10.39,10.24□,10.12□,10.61□,9425□,10853□,11159◆,11011□
20191024,10.35,10.4,10.3,10.4,5149,10.39,10.23□,10.12□,10.60□,8793□,10698□,11146□,10996□
20191025,10.4,10.5,10.3,10.35,8863,10.40◆,10.22□,10.12□,10.59□,9211◆,10846◆,11203◆,11015◆
20191028,10.35,10.4,10.2,10.2,8297,10.34□,10.21□,10.11□,10.58□,7504□,10963◆,11265◆,11010□
20191029,10.25,10.3,10.1,10.15,7182,10.28□,10.20□,10.11□,10.57□,7186□,9500□,11259□,10963□
20191030,10.15,10.25,10.1,10.25,4884,10.27□,10.21◆,10.11□,10.56□,6875□,8529□,11255□,10945□
20191031,10.25,10.25,10.1,10.15,5552,10.22□,10.22◆,10.10□,10.54□,6956◆,8459□,11229□,10928□
20191101,10.15,10.25,10.1,10.2,3576,10.19□,10.23◆,10.10□,10.53□,5898□,8349□,11084□,10867□
20191104,10.3,10.4,10.2,10.25,13394,10.20◆,10.24◆,10.10◆,10.52□,6918◆,8770◆,10975□,10864□
20191105,10.25,10.4,10.2,10.2,19828,10.21◆,10.25◆,10.11◆,10.51□,9447◆,9463◆,11084◆,10922◆
20191106,10.2,10.25,10.15,10.15,5784,10.19□,10.25,10.11◆,10.50□,9627◆,9362□,11060□,10868□
20191107,10.15,10.25,10.1,10.15,6125,10.19,10.25◆,10.11◆,10.49□,9742◆,9361□,11044□,10868□
20191108,10.15,10.15,10.05,10.1,9686,10.17□,10.25◆,10.12◆,10.48□,10964◆,9429◆,10962□,10873◆
20191111,10.05,10.1,9.95,9.97,12693,10.12□,10.24□,10.13◆,10.47□,10823□,9108□,10910□,10876◆
20191112,9.97,10,9.93,9.97,6823,10.07□,10.24□,10.14◆,10.46□,8222□,8983□,10882□,10885◆
20191113,9.96,9.96,9.87,9.89,6304,10.02□,10.22□,10.15◆,10.45□,8326◆,8563□,10735□,10876□
20191114,9.86,9.89,9.79,9.81,8380,9.95□,10.19□,10.15◆,10.44□,8777◆,8567◆,10693□,10884◆
20191115,9.83,9.88,9.73,9.77,9006,9.88□,10.16□,10.15◆,10.42□,8641□,8679◆,10678□,10916◆
20191118,9.77,9.78,9.66,9.72,7141,9.83□,10.12□,10.15□,10.41□,7531□,8194□,10418□,10920◆
20191119,9.7,9.71,9.66,9.67,7136,9.77□,10.08□,10.15□,10.40□,7594◆,8112□,10438◆,10933◆
20191120,9.67,9.67,9.58,9.6,10477,9.72□,10.05□,10.15□,10.38□,8428◆,8314◆,10502◆,10865□
20191121,9.58,9.58,9.5,9.51,10075,9.66□,10.00□,10.14□,10.37□,8767◆,8560◆,10588◆,10884◆
20191122,9.51,9.76,9.5,9.75,11159,9.65□,9.97□,10.15◆,10.35□,9198◆,8675◆,10686◆,10921◆
20191125,9.8,9.8,9.69,9.73,6773,9.65◆,9.95□,10.15◆,10.34□,9124□,8599□,10631□,10876□
20191126,9.73,9.73,9.61,9.61,9305,9.64□,9.92□,10.15□,10.32□,9558◆,8705◆,10694◆,10890◆
20191127,9.66,9.76,9.65,9.73,8875,9.67◆,9.90□,10.15□,10.31□,9238□,8905◆,10760◆,10894◆
20191128,9.75,9.81,9.73,9.75,6074,9.72◆,9.88□,10.15□,10.30□,8437□,8931◆,10703□,10857□
20191129,9.85,9.85,9.65,9.77,9952,9.72◆,9.86□,10.14□,10.29□,8196□,9250◆,10770◆,10871◆
20191202,9.71,9.77,9.62,9.62,8497,9.70□,9.82□,10.13□,10.27□,8541◆,9005□,10792◆,10903◆
20191203,9.62,9.71,9.62,9.66,5459,9.71◆,9.80□,10.13□,10.26□,7772□,8286□,10800◆,10882□
20191204,9.66,9.66,9.58,9.6,6674,9.68□,9.77□,10.12□,10.25□,7331□,8331◆,10793□,10880□
20191205,9.65,9.69,9.61,9.68,5810,9.67□,9.75□,10.11□,10.23□,7279□,8315□,10739□,10874□
20191206,9.66,9.83,9.66,9.68,8134,9.65□,9.73□,10.10□,10.22□,6915□,8237□,10779◆,10885◆
20191209,9.61,9.66,9.59,9.6,13804,9.65□,9.71□,10.09□,10.20□,7976◆,8293◆,10906◆,10906◆
20191210,9.59,9.63,9.55,9.62,5469,9.64□,9.69□,10.08□,10.19□,7978◆,8225□,10882□,10885□
20191211,9.62,9.7,9.62,9.65,8118,9.65◆,9.68□,10.07□,10.17□,8267◆,8316◆,10786□,10843□
20191212,9.68,9.7,9.63,9.65,6301,9.64□,9.67□,10.05□,10.16□,8365◆,8212□,9544□,10798□
20191213,9.7,9.71,9.63,9.66,4498,9.64□,9.66□,10.03□,10.14□,7638□,7987□,9227□,10627□
20191216,9.69,9.76,9.65,9.72,12766,9.66◆,9.66,10.01□,10.12□,7431□,8268◆,9223□,10605□
20191217,9.8,9.8,9.72,9.75,7325,9.69◆,9.67◆,10.00□,10.11□,7802◆,8277◆,9162□,10536□
20191218,9.75,9.76,9.71,9.74,7661,9.71◆,9.68◆,9.99□,10.09□,7710□,8137□,9101□,10291□
20191219,9.75,9.84,9.75,9.8,14855,9.74◆,9.69◆,9.97□,10.09□,9421◆,8376◆,9211◆,10149□
20191220,9.82,9.84,9.71,9.71,14547,9.75◆,9.69□,9.96□,10.08□,11431◆,8545◆,9355◆,10121□
20191223,9.72,9.75,9.62,9.64,13416,9.73□,9.68□,9.95□,10.07□,11561◆,8877◆,9480◆,10109□
20191224,9.7,10.2,9.69,10.05,61551,9.79◆,9.71◆,9.94□,10.07□,22406◆,11489◆,9898◆,10498◆
20191225,10.05,10.25,10.05,10.15,23017,9.87◆,9.73◆,9.94◆,10.07□,25477◆,12197◆,9877□,10593◆
20191226,10.1,10.1,9.92,9.98,20325,9.91◆,9.74◆,9.94□,10.06□,26571◆,12909◆,10100◆,10700◆
20191227,9.99,10.1,9.94,10,15568,9.97◆,9.75◆,9.94◆,10.06□,26776◆,13190◆,10263◆,10792◆
20191230,9.99,10.05,9.93,9.93,11975,10.02◆,9.76◆,9.94□,10.05□,26487□,13364◆,10379◆,10851◆
20191231,9.9,9.9,9.75,9.8,18763,9.97□,9.77◆,9.94□,10.05□,17930□,14029◆,10593◆,10954◆
20200102,9.8,9.8,9.74,9.74,19191,9.89□,9.78◆,9.93□,10.04□,17165□,14655◆,10783◆,11075◆
20200103,9.72,9.8,9.67,9.7,26187,9.84□,9.78◆,9.92□,10.04□,18337◆,15674◆,11117◆,11120◆
20200106,9.64,9.72,9.36,9.36,50365,9.71□,9.76□,9.91□,10.03□,25296◆,17785◆,11817◆,11485◆
20200107,9.2,9.34,9.16,9.24,44008,9.57□,9.75□,9.90□,10.02□,31703◆,19295◆,12232◆,11750◆
20200108,9.18,9.23,9.13,9.17,19099,9.44□,9.72□,9.88□,10.00□,31770◆,19977◆,12395◆,11866◆
20200109,9.18,9.27,9.17,9.19,15589,9.33□,9.70□,9.87□,9.99□,31050□,20350◆,12410◆,11929◆
20200110,9.17,9.21,9.11,9.2,19177,9.23□,9.68□,9.85□,9.98□,29648□,20994◆,12591◆,12041◆
20200113,9.17,9.18,9.11,9.11,24709,9.18□,9.65□,9.83□,9.97□,24517□,22005◆,12890◆,11896□
20200114,9.12,9.18,9.09,9.15,23406,9.17□,9.62□,9.80□,9.96□,20396□,22537◆,13000◆,12031◆
20200115,9.15,9.15,9.1,9.1,16314,9.15□,9.59□,9.78□,9.95□,19839□,22986◆,13125◆,12115◆
20200116,9.08,9.1,8.99,9.01,42022,9.12□,9.55□,9.76□,9.94□,25126◆,24704◆,13718◆,12439◆
20200117,9.01,9.01,8.88,8.88,93503,9.05□,9.51□,9.73□,9.93□,39991◆,28637◆,15191◆,13168◆
20200120,8.83,9.05,8.83,8.92,84127,9.01□,9.47□,9.71□,9.91□,51875◆,32116◆,16445◆,13824◆
20200130,8.7,8.71,8.03,8.06,77528,8.80□,9.39□,9.67□,9.89□,62699◆,35321◆,17599◆,14432◆
20200131,8.1,8.26,8.06,8.1,37648,8.60□,9.29□,9.64□,9.87□,66966◆,34126□,18107◆,14683◆
20200203,7.84,7.96,7.52,7.93,36719,8.38□,9.18□,9.60□,9.85□,65905□,34811◆,18637◆,14946◆
20200204,8.05,8.19,7.97,8.14,20285,8.23□,9.09□,9.57□,9.83□,51262□,34809□,18883◆,15056◆
20200205,8.23,8.25,8.11,8.18,16323,8.08□,9.00□,9.53□,9.82□,37701□,34847◆,19095◆,15090◆
20200206,8.23,8.57,8.22,8.49,29532,8.17◆,8.92□,9.50□,9.80□,28102□,35725◆,19364◆,15170◆
20200207,8.45,8.45,8.25,8.28,16317,8.21◆,8.85□,9.47□,9.79□,23835□,35603□,19306□,15195◆
20200210,8.18,8.26,8.11,8.18,8987,8.26◆,8.77□,9.44□,9.78□,18289□,35092□,19359◆,15210◆
20200211,8.22,8.28,8.2,8.25,10820,8.28◆,8.70□,9.41□,9.76□,16396□,34324□,19438◆,15241◆
20200212,8.25,8.26,8.2,8.24,15523,8.29◆,8.64□,9.38□,9.75□,16236□,32582□,19535◆,15248◆
20200213,8.3,8.35,8.22,8.22,19607,8.24□,8.59□,9.35□,9.74□,14251□,31362□,19650◆,15280◆
20200214,8.22,8.26,8.19,8.19,13677,8.22□,8.54□,9.32□,9.73□,13723□,31091□,19764◆,15323◆
20200217,8.18,8.19,8.08,8.09,15858,8.20□,8.49□,9.29□,9.72□,15097◆,31104◆,19924◆,15329◆
20200218,8.09,8.16,8.09,8.13,11555,8.18□,8.43□,9.26□,9.71□,15244◆,30723□,19976◆,15335◆
20200219,8.13,8.28,8.12,8.26,16093,8.18◆,8.39□,9.24□,9.69□,15358◆,30292□,20095◆,15386◆
20200220,8.3,8.31,8.2,8.21,11203,8.18□,8.34□,9.21□,9.68□,13677□,29682□,20162◆,15290□
20200221,8.21,8.26,8.21,8.23,5905,8.19◆,8.30□,9.19□,9.67□,12123□,29162□,20142□,15290□
20200224,8.21,8.28,8.19,8.19,8705,8.21◆,8.26□,9.16□,9.66□,10692□,27496□,20112□,15307◆
20200225,8.07,8.15,8.07,8.14,10727,8.21◆,8.22□,9.14□,9.64□,10527□,23357□,20123◆,15355◆
20200226,8.1,8.14,8.08,8.13,6973,8.18□,8.18□,9.11□,9.63□,8703□,19499□,20053□,15370◆
20200227,8.15,8.19,8.02,8.1,16452,8.16□,8.19◆,9.09□,9.62□,9753◆,16446□,20215◆,15423◆
20200302,7.9,8.24,7.85,8.11,18257,8.14□,8.19◆,9.06□,9.61□,12223◆,15476□,20364◆,15529◆
20200303,8.25,8.27,8.19,8.2,15895,8.14◆,8.20◆,9.03□,9.59□,13661◆,14435□,20481◆,15621◆
20200304,8.2,8.23,8.15,8.2,7395,8.15◆,8.20◆,9.01□,9.58□,12995□,13790□,20503◆,15603□
20200305,8.25,8.29,8.24,8.27,12759,8.18◆,8.21◆,8.98□,9.56□,14152◆,13612□,20550◆,15660◆
20200306,8.26,8.26,8.2,8.21,8141,8.20◆,8.19□,8.96□,9.55□,12490□,12543□,20544□,15668◆
20200309,8.14,8.14,7.95,7.98,27031,8.17□,8.18□,8.93□,9.53□,14244◆,13078◆,20903◆,15852◆
20200310,7.75,7.95,7.74,7.86,24895,8.11□,8.16□,8.90□,9.51□,16044◆,13874◆,21207◆,16000◆
20200311,7.96,7.96,7.8,7.83,11312,8.03□,8.14□,8.87□,9.49□,16828◆,13898◆,21299◆,16019◆
20200312,7.75,7.76,7.24,7.25,31483,7.83□,8.09□,8.83□,9.47□,20573◆,14696◆,21688◆,16234◆
20200313,6.6,7.05,6.54,7.05,41305,7.60□,8.03□,8.79□,9.44□,27205◆,15781◆,22146◆,16526◆
20200316,7,7.04,6.85,6.92,18241,7.38□,7.97□,8.74□,9.41□,25447□,16009◆,22359◆,16620◆
20200317,6.61,6.9,6.61,6.83,21468,7.18□,7.91□,8.70□,9.38□,24762□,16290◆,22582◆,16684◆
20200318,6.84,7.08,6.8,6.82,24621,6.98□,7.84□,8.65□,9.35□,27424◆,16943◆,22887◆,16216□
20200319,6.75,6.79,6.28,6.46,36967,6.82□,7.75□,8.60□,9.31□,28521◆,17987◆,23428◆,16328◆
20200320,6.7,6.93,6.66,6.82,19304,6.77□,7.68□,8.55□,9.28□,24120□,18392◆,23537◆,16380◆
20200323,6.59,6.78,6.5,6.65,9677,6.72□,7.60□,8.50□,9.25□,22408□,18581◆,23576◆,16369□
20200324,6.8,6.93,6.8,6.81,15326,6.71□,7.53□,8.45□,9.22□,21179□,18912◆,23704◆,16403◆
20200325,7.16,7.24,7.07,7.08,23332,6.77◆,7.48□,8.40□,9.19□,20921□,19542◆,23845◆,16528◆
20200326,7.19,7.2,7.06,7.09,15232,6.89◆,7.43□,8.36□,9.16□,16574□,19955◆,23857◆,16606◆
20200327,7.25,7.27,7.16,7.18,14591,6.96◆,7.38□,8.32□,9.13□,15632□,19862□,23876◆,16678◆
20200330,7.09,7.14,6.95,7.14,14050,7.06◆,7.33□,8.27□,9.11□,16506◆,19651□,23085□,16491□
20200331,7.27,7.35,7.21,7.33,19428,7.17◆,7.29□,8.22□,9.08□,17327◆,19828◆,23025□,16451□
20200401,7.3,7.36,7.25,7.31,11293,7.21◆,7.25□,8.18□,9.06□,14919□,20023◆,22874□,16487◆
20200406,7.33,7.37,7.24,7.35,13848,7.26◆,7.20□,8.13□,9.04□,14642□,20077◆,22845□,16554◆
20200407,7.4,7.45,7.37,7.37,14386,7.30◆,7.16□,8.09□,9.02□,14601□,20390◆,22886◆,16633◆
20200408,7.37,7.45,7.35,7.41,15463,7.36◆,7.13□,8.05□,9.00□,14884◆,19811□,22831□,16712◆
20200409,7.47,7.77,7.47,7.64,25501,7.42◆,7.12□,8.02□,8.97□,16098◆,19842◆,22936◆,16859◆
20200410,7.65,7.88,7.64,7.84,24881,7.52◆,7.12◆,7.99□,8.96□,18816◆,20520◆,22914□,17015◆
20200413,7.84,7.84,7.7,7.71,14808,7.60◆,7.14◆,7.96□,8.94□,19008◆,19686□,22321□,17069◆
20200414,7.71,7.83,7.71,7.8,15235,7.68◆,7.18◆,7.93□,8.92□,19178◆,18383□,21842□,17037□
20200415,7.83,7.89,7.81,7.81,15608,7.76◆,7.22◆,7.91□,8.90□,19207◆,18251□,21784□,17089◆
20200416,7.77,7.77,7.65,7.68,12782,7.77◆,7.27◆,7.89□,8.88□,16663□,17817□,21737□,17073□
20200417,7.79,7.79,7.64,7.65,14341,7.73□,7.31◆,7.86□,8.85□,14555□,17303□,21656□,17124◆
20200420,7.66,7.67,7.54,7.6,9738,7.71□,7.36◆,7.84□,8.83□,13541□,15941□,21407□,17148◆
20200421,7.57,7.57,7.3,7.3,17071,7.61□,7.39◆,7.80□,8.80□,13908◆,15830□,21301□,17150◆
20200422,7.21,7.39,7.15,7.33,8733,7.51□,7.42◆,7.78□,8.78□,12533□,15782□,21175□,17150□
20200423,7.36,7.56,7.36,7.54,12212,7.49□,7.46◆,7.75□,8.75□,12419□,15627□,20678□,17198◆
20200424,7.46,7.57,7.46,7.56,6809,7.47□,7.48◆,7.73□,8.73□,10913□,14801□,19233□,17212◆
20200427,7.64,7.84,7.62,7.77,20670,7.50◆,7.52◆,7.71□,8.71□,13099◆,15073◆,18176□,17310◆
20200428,7.81,7.85,7.71,7.71,15094,7.58◆,7.54◆,7.70□,8.69□,12704□,15098◆,17135□,17367◆
20200429,7.75,7.9,7.74,7.85,19637,7.69◆,7.58◆,7.70□,8.67□,14885◆,15377◆,16835□,17471◆
20200430,7.93,8.12,7.93,8.09,30412,7.80◆,7.62◆,7.70◆,8.65□,18525◆,15926◆,16730□,17684◆
20200504,7.93,7.95,7.85,7.9,16504,7.87◆,7.65◆,7.70□,8.63□,20464◆,16187◆,16667□,17775◆
20200505,7.93,8.04,7.92,7.96,11251,7.90◆,7.68◆,7.69□,8.61□,18580□,16057□,16582□,17839◆
20200506,8.08,8.24,8,8.15,25857,7.99◆,7.72◆,7.69□,8.60□,20732◆,16630◆,16521□,17943◆
20200507,8.18,8.18,8.06,8.11,12956,8.04◆,7.75◆,7.69□,8.58□,19396□,16505□,16465□,17885□
20200508,8.19,8.23,8.13,8.17,14200,8.06◆,7.78◆,7.69□,8.56□,16154□,15940□,16552◆,17956◆
20200511,8.5,8.65,8.47,8.6,42453,8.20◆,7.82◆,7.69◆,8.55□,21344◆,16819◆,17079◆,18258◆
20200512,8.6,8.6,8.35,8.42,25168,8.29◆,7.85◆,7.69◆,8.54□,24127◆,17337◆,17240◆,18387◆
20200513,8.35,8.36,8.25,8.34,14067,8.33◆,7.88◆,7.70◆,8.52□,21769□,17278□,17147□,18399◆
20200514,8.32,8.32,8.18,8.18,14243,8.34◆,7.90◆,7.70□,8.51□,22026◆,17210□,17157◆,18461◆
20200515,8.3,8.31,8.03,8.09,17967,8.33□,7.92◆,7.7,8.49□,22780◆,17469◆,17192◆,18558◆
20200518,8.12,8.33,8.12,8.18,16714,8.24□,7.94◆,7.70◆,8.48□,17632□,17588◆,17278◆,18627◆
20200519,8.32,8.55,8.31,8.42,39555,8.24,7.98◆,7.70◆,8.47□,20509◆,19079◆,17669◆,18882◆
20200520,8.52,8.53,8.35,8.39,17734,8.25◆,8.04◆,7.70◆,8.46□,21243◆,19112◆,17778◆,18970◆
20200521,8.41,8.44,8.37,8.4,10873,8.30◆,8.09◆,7.71◆,8.45□,20569□,19219◆,17861◆,19001◆
20200522,8.4,8.41,8.3,8.3,14530,8.34◆,8.13◆,7.71◆,8.43□,19881□,19335◆,17958◆,19035◆
20200525,8.39,8.39,8.23,8.31,10039,8.37◆,8.17◆,7.71◆,8.42□,18546□,19496◆,17946□,19035□
20200526,8.34,8.41,8.32,8.34,7914,8.35□,8.20◆,7.71◆,8.41□,12218□,18859□,17962◆,19008□
20200527,8.4,8.4,8.28,8.31,11213,8.33□,8.23◆,7.72◆,8.40□,10914□,18664□,17875□,19045◆
20200528,8.35,8.36,8.22,8.23,10969,8.30□,8.25◆,7.72◆,8.39□,10933◆,18231□,17753□,19058◆
20200529,8.26,8.29,8.22,8.27,5731,8.29□,8.25◆,7.72◆,8.38□,9173□,16997□,17584□,19032□
20200601,8.29,8.34,8.26,8.3,8161,8.29□,8.27◆,7.72◆,8.37□,8798□,16580□,17597◆,19050◆
20200602,8.31,8.33,8.27,8.28,7557,8.28□,8.29◆,7.72◆,8.35□,8726□,16395□,17510□,19030□
20200603,8.33,8.46,8.33,8.44,25719,8.31◆,8.31◆,7.73◆,8.34□,11628◆,16388□,17803◆,19173◆
20200604,8.5,8.54,8.34,8.42,16190,8.34◆,8.32◆,7.73◆,8.33□,12672◆,16550◆,17622□,19263◆
20200605,8.42,8.54,8.39,8.51,20668,8.39◆,8.34◆,7.74◆,8.32□,15659◆,16873◆,17552□,19379◆
20200608,8.62,8.79,8.55,8.7,35206,8.47◆,8.34◆,7.76◆,8.32□,21068◆,16511□,17950◆,19624◆
20200609,8.7,8.71,8.6,8.66,16156,8.55◆,8.35◆,7.78◆,8.31□,22788◆,16060□,17694□,19691◆
20200610,8.67,8.71,8.6,8.68,14431,8.60◆,8.37◆,7.81◆,8.30□,20530□,16079◆,17247□,19696◆
20200611,8.66,8.67,8.34,8.35,25940,8.58□,8.38◆,7.83◆,8.29□,22480◆,16663◆,17375◆,19867◆
20200612,8.07,8.28,8.07,8.25,16040,8.53□,8.39◆,7.86◆,8.28□,21555□,16567□,17284□,19933◆
20200615,8.27,8.27,8.18,8.18,12425,8.43□,8.39,7.88◆,8.27□,16999□,16353□,17081□,19984◆
20200616,8.25,8.37,8.23,8.37,11215,8.37□,8.39□,7.91◆,8.25□,16010□,14936□,16652□,20040◆
20200617,8.38,8.38,8.31,8.33,9234,8.30□,8.38□,7.94◆,8.24□,14971□,14511□,16484□,20011□
20200618,8.34,8.39,8.32,8.34,6805,8.30□,8.38□,7.96◆,8.23□,11144□,14307□,16436□,20006□
20200619,8.34,8.4,8.34,8.36,10231,8.32◆,8.38◆,7.99◆,8.22□,9982□,14092□,16351□,20028◆
20200622,8.34,8.47,8.3,8.36,13892,8.35◆,8.39◆,8.01◆,8.21□,10276◆,14285◆,16194□,20020□
20200623,8.4,8.42,8.27,8.32,10918,8.34□,8.38□,8.03◆,8.20□,10216□,14435◆,16122□,19989□
20200624,8.33,8.5,8.3,8.39,20193,8.36◆,8.39◆,8.05◆,8.19□,12408◆,14884◆,16215◆,20046◆
20200629,8.3,8.33,8.25,8.3,10756,8.35□,8.39◆,8.07◆,8.17□,13198◆,14874□,16161□,19623□
20200630,8.33,8.34,8.27,8.28,7623,8.33□,8.39◆,8.09◆,8.16□,12677□,14968◆,15964□,19494□
20200701,8.29,8.31,8.26,8.3,7809,8.32□,8.39,8.10◆,8.14□,11460□,14951□,15906□,19390□
20200702,8.3,8.35,8.28,8.33,6481,8.32◆,8.39◆,8.12◆,8.13□,10573□,14897□,15783□,19314□
20200703,8.35,8.38,8.27,8.3,10719,8.30□,8.39□,8.14◆,8.11□,8678□,14147□,15722□,19304□
20200706,8.33,8.45,8.3,8.42,19903,8.33◆,8.39,8.15◆,8.10□,10507◆,14332◆,15796◆,19313◆
20200707,8.48,8.49,8.34,8.39,11606,8.35◆,8.38□,8.17◆,8.09□,11304◆,13879□,15564□,19250□
20200708,8.4,8.43,8.37,8.43,10248,8.38◆,8.37□,8.18◆,8.08□,11792◆,12631□,15320□,19117□
20200709,8.41,8.42,8.32,8.32,11669,8.37□,8.35□,8.19◆,8.07□,12829◆,12407□,15268□,18795□
20200710,8.32,8.32,8.15,8.16,14303,8.35□,8.33□,8.19◆,8.06□,13546◆,12401□,15252□,18547□
20200713,8.24,8.26,8.19,8.21,7961,8.30□,8.32□,8.20◆,8.05□,11158□,11502□,15125□,18454□
20200714,8.21,8.25,8.18,8.2,7933,8.27□,8.32□,8.21◆,8.05□,10423□,11096□,15044□,18391□
20200715,8.23,8.24,8.17,8.2,6441,8.22□,8.32◆,8.22◆,8.04□,9662□,10797□,14913□,18284□
20200716,8.2,8.27,8.2,8.25,8136,8.21□,8.31□,8.23◆,8.03□,8955□,10643□,14886□,18146□
20200717,8.26,8.36,8.22,8.22,9941,8.22◆,8.31□,8.24◆,8.02□,8083□,10679◆,14767□,18034□
20200720,8.23,8.26,8.15,8.2,6212,8.22□,8.30□,8.26◆,8.02□,7733□,10649□,14725□,17950□
20200721,8.22,8.24,8.18,8.21,7910,8.22◆,8.29□,8.27◆,8.01□,7728□,10533□,14653□,17666□
20200722,8.22,8.3,8.21,8.3,7877,8.24◆,8.29□,8.28◆,8.00□,8015◆,10232□,14671◆,16952□
20200723,8.31,8.32,8.26,8.28,6578,8.24◆,8.29□,8.29◆,8.00□,7704□,10015□,14436□,16306□
20200724,8.26,8.27,8.13,8.18,10087,8.24□,8.28□,8.30◆,8.00◆,7733◆,9510□,14353□,15744□
20200727,8.19,8.19,8.04,8.04,12600,8.20□,8.26□,8.30◆,8.00□,9011◆,9602◆,14236□,15535□
20200728,8.03,8.08,7.8,7.8,20278,8.12□,8.24□,8.29□,8.00□,11484◆,10235◆,14067□,15398□
20200729,7.81,8.03,7.81,8,10605,8.06□,8.22□,8.30◆,8.00□,12030◆,10375◆,13968□,15317□
20200730,8.02,8.09,7.99,8.06,6669,8.02□,8.21□,8.30◆,8.00□,12048◆,10384◆,13892□,15237□
20200731,8.06,8.17,8.01,8.08,6857,8.00□,8.20□,8.30□,7.99□,11402□,10191□,13575□,15048□
20200803,8.17,8.45,8.16,8.38,43883,8.07◆,8.20□,8.30◆,7.99◆,17659◆,11390◆,14091◆,15278◆
20200804,8.41,8.47,8.38,8.43,19391,8.19◆,8.20◆,8.31◆,8.00◆,17481□,11779◆,14177◆,15364◆
20200805,8.45,8.46,8.36,8.41,13259,8.27◆,8.20□,8.30□,8.00◆,18012◆,11930◆,13691□,15385◆
20200806,8.42,8.47,8.38,8.45,22579,8.35◆,8.20◆,8.30◆,8.00◆,21194◆,12475◆,13648□,15444◆
20200807,8.47,8.48,8.39,8.4,24943,8.42◆,8.22◆,8.30◆,8.00◆,24811◆,13007◆,13829◆,15488◆
20200810,8.43,8.6,8.41,8.6,39890,8.46◆,8.24◆,8.31◆,8.00◆,24013□,14604◆,14256◆,15707◆
20200811,8.4,8.82,8.34,8.51,84053,8.48◆,8.25◆,8.32◆,8.01◆,36945◆,18410◆,15358◆,16275◆
20200812,8.5,8.5,8.31,8.34,22341,8.46□,8.26◆,8.32◆,8.01◆,38761◆,19205◆,15451◆,16365◆
20200813,8.39,8.43,8.24,8.26,15684,8.42□,8.26◆,8.32□,8.01,37382□,19582◆,15054□,16361□
20200814,8.26,8.49,8.21,8.46,20351,8.44◆,8.27◆,8.32◆,8.01◆,36464□,20102◆,15097◆,16438◆
20200817,8.5,9.3,8.5,9.11,140064,8.54◆,8.32◆,8.33◆,8.02◆,56499◆,26795◆,17250◆,17556◆
20200818,9.1,9.11,8.71,8.81,54777,8.60◆,8.35◆,8.34◆,8.02◆,50644□,29138◆,17921◆,17939◆
20200819,8.89,8.96,8.67,8.7,42767,8.67◆,8.37◆,8.35◆,8.03◆,54729◆,30883◆,18467◆,18206◆
20200820,8.65,8.65,8.1,8.21,74531,8.66□,8.36□,8.34□,8.03◆,66498◆,34281◆,19577◆,18769◆
20200821,8.28,8.43,8.28,8.38,18497,8.64□,8.37◆,8.35◆,8.03◆,66127□,34701◆,19698◆,18786◆
20200824,8.38,8.39,8.25,8.27,16529,8.48□,8.38◆,8.35◆,8.03◆,41420□,34898◆,19791◆,18772□
20200825,8.31,8.45,8.31,8.36,14462,8.39□,8.41◆,8.35◆,8.03◆,33357□,34607□,19937◆,18760□
20200826,8.41,8.45,8.36,8.42,10777,8.33□,8.43◆,8.35◆,8.04◆,26959□,34615◆,19980◆,18788◆
20200827,8.44,8.48,8.35,8.39,16569,8.37◆,8.45◆,8.35◆,8.04◆,15367□,35110◆,20130◆,18820◆
20200828,8.45,8.6,8.41,8.54,28351,8.40◆,8.47◆,8.35◆,8.04◆,17338◆,36185◆,20174◆,18988◆
20200831,8.59,8.71,8.59,8.62,26833,8.47◆,8.48◆,8.36◆,8.04◆,19399◆,35333□,20352◆,18987□
20200901,8.64,8.69,8.49,8.55,17940,8.51◆,8.49◆,8.36◆,8.05◆,20094◆,35260□,20306□,18929□
20200902,8.6,8.64,8.48,8.5,12242,8.52◆,8.50◆,8.35□,8.06◆,20387◆,35209□,19923□,18937◆
20200903,8.55,8.79,8.51,8.7,34464,8.58◆,8.51◆,8.35◆,8.07◆,23966◆,35803◆,20228◆,18961◆
20200904,8.6,8.74,8.54,8.72,23756,8.62◆,8.52◆,8.35◆,8.08◆,23047□,35744□,20384◆,18815□
20200907,8.82,9.18,8.8,8.94,85573,8.68◆,8.54◆,8.36◆,8.10◆,34795◆,38028◆,21378◆,19376◆
20200908,8.99,9.06,8.76,8.79,34447,8.73◆,8.55◆,8.37◆,8.12◆,38097◆,35548□,21685◆,19484◆
20200909,8.61,8.9,8.59,8.87,24231,8.81◆,8.58◆,8.39◆,8.13◆,40494◆,35642◆,21881◆,19481□
20200910,8.96,9.09,8.9,8.98,36981,8.86◆,8.62◆,8.40◆,8.15◆,40998◆,36707◆,22311◆,19481◆
20200911,8.98,9.18,8.84,8.84,53676,8.89◆,8.64◆,8.40◆,8.17◆,46982◆,38373◆,23051◆,19768◆
20200914,8.87,9.03,8.81,8.82,19660,8.86□,8.62□,8.41◆,8.19◆,33799□,32353□,23266◆,19851◆
20200915,8.9,8.93,8.82,8.85,12423,8.87◆,8.62◆,8.42◆,8.21◆,29394□,30236□,23302◆,19827□
20200916,8.93,8.93,8.74,8.76,13664,8.85□,8.63◆,8.43◆,8.22◆,27281□,28780□,23298□,19746□
20200917,8.8,9.04,8.8,8.91,31193,8.84□,8.66◆,8.44◆,8.23◆,26123□,26614□,23636◆,19879◆
20200918,9.03,9.27,8.97,8.97,90833,8.86◆,8.69◆,8.45◆,8.25◆,33555◆,30230◆,24814◆,20515◆
20200921,9.02,9.08,8.86,8.88,24492,8.88◆,8.72◆,8.46◆,8.26◆,34521◆,30628◆,25043◆,20602◆
20200922,8.86,8.86,8.61,8.7,23252,8.85□,8.74◆,8.46◆,8.28◆,36687◆,31068◆,25303◆,20633◆
20200923,8.77,8.77,8.52,8.57,20343,8.81□,8.75◆,8.47◆,8.29◆,38023◆,31546◆,25512◆,20709◆
20200924,8.48,8.5,8.35,8.39,24687,8.70□,8.75,8.47◆,8.29◆,36722□,31952◆,25815◆,20799◆
20200925,8.44,8.51,8.23,8.3,17866,8.57□,8.73□,8.47,8.30◆,22128□,31428□,25935◆,20828◆
20200928,8.38,8.46,8.32,8.38,11475,8.47□,8.72□,8.47□,8.31◆,19525□,30660□,25794□,20795□
20200929,8.45,8.47,8.38,8.4,6401,8.41□,8.71□,8.47◆,8.32◆,16155□,30083□,25707□,20636□
20200930,8.41,8.42,8.36,8.37,6590,8.37□,8.71□,8.47□,8.32◆,13404□,29800□,25646□,20483□
20201005,8.33,8.46,8.33,8.38,6801,8.37□,8.69□,8.47◆,8.33◆,9827□,28417□,25565□,20417□
20201006,8.43,8.54,8.43,8.51,8608,8.41◆,8.68□,8.47◆,8.33◆,7975□,27660□,25470□,20361□
20201007,8.48,8.52,8.45,8.52,6112,8.44◆,8.66□,8.48◆,8.34◆,6903□,23687□,25440□,20282□
20201008,8.55,8.57,8.45,8.47,10259,8.45◆,8.64□,8.48◆,8.35◆,7674◆,22477□,25478◆,20261□
20201012,8.47,8.5,8.32,8.34,11604,8.45□,8.62□,8.49◆,8.35◆,8677◆,21846□,25564◆,20238□
20201013,8.34,8.39,8.27,8.33,8939,8.44□,8.59□,8.49◆,8.36◆,9105◆,20444□,25578◆,20232□
20201014,8.36,8.45,8.34,8.41,8865,8.42□,8.56□,8.49◆,8.37◆,9156◆,18203□,25560□,20163□
20201015,8.42,8.45,8.32,8.35,9106,8.38□,8.54□,8.49◆,8.37◆,9755◆,17676□,25608◆,20167◆
20201016,8.35,8.42,8.31,8.33,9600,8.35□,8.51□,8.49◆,8.38◆,9623□,17535□,25636◆,20145□
20201019,8.35,8.4,8.28,8.31,10528,8.35□,8.49□,8.49◆,8.39◆,9408□,17378□,25680◆,20176◆
20201020,8.33,8.33,8.29,8.31,5946,8.34□,8.46□,8.50◆,8.39◆,8809□,16115□,25670□,20053□
20201021,8.32,8.36,8.3,8.33,7177,8.33□,8.43□,8.50◆,8.40◆,8472□,11933□,25621□,19987□
20201022,8.33,8.35,8.27,8.35,5974,8.33,8.40□,8.50◆,8.40◆,7845□,11007□,25511□,19873□
20201023,8.37,8.47,8.34,8.44,12101,8.35◆,8.39□,8.51◆,8.40◆,8345◆,10449□,25375□,19721□
20201026,8.46,8.75,8.46,8.68,37539,8.42◆,8.40◆,8.53◆,8.41◆,13748◆,11309◆,25824◆,19896◆
20201027,8.66,8.85,8.61,8.72,34188,8.51◆,8.41◆,8.54◆,8.42◆,19396◆,11784◆,26282◆,20087◆
20201028,8.73,8.82,8.57,8.6,18426,8.56◆,8.43◆,8.54◆,8.42◆,21646◆,11812◆,26475◆,20025□
20201029,8.5,8.69,8.43,8.68,15649,8.63◆,8.44◆,8.55◆,8.43◆,23581◆,12021◆,26004□,20048◆
20201030,8.68,8.74,8.53,8.55,11863,8.65◆,8.45◆,8.55◆,8.43◆,23533□,12294◆,25879□,20028□
20201102,8.57,8.7,8.51,8.6,9430,8.63□,8.46◆,8.55◆,8.43,17911□,12436◆,25815□,19753□
20201103,8.68,8.76,8.62,8.73,18428,8.63◆,8.48◆,8.56◆,8.43◆,14759□,13017◆,25746□,19697□
20201104,8.78,8.85,8.73,8.77,23374,8.67◆,8.49◆,8.57◆,8.43◆,15749◆,13756◆,25720□,19774◆
20201105,8.77,8.79,8.72,8.74,10385,8.68◆,8.50◆,8.57◆,8.44◆,14696□,13969◆,25228□,19742□
20201106,8.78,8.79,8.73,8.74,9174,8.72◆,8.52◆,8.57◆,8.45◆,14158□,13915□,23980□,19669□
20201109,8.79,8.87,8.77,8.8,11901,8.76◆,8.54◆,8.58◆,8.45◆,14653◆,13930◆,23806□,19629□
20201110,8.86,8.99,8.8,8.95,38983,8.80◆,8.57◆,8.59◆,8.45◆,18764◆,15432◆,24194◆,19624□
20201111,8.96,9.24,8.91,9.18,85826,8.88◆,8.61◆,8.60◆,8.46◆,31254◆,19280◆,25286◆,20191◆
20201112,9.23,9.23,8.96,8.96,35885,8.93◆,8.64◆,8.60□,8.47◆,36354◆,20619◆,23549□,20400◆
20201113,9.09,9.09,8.91,8.95,23762,8.97◆,8.67◆,8.60◆,8.47◆,39272◆,21327◆,23032□,20477◆
20201116,8.93,8.95,8.72,8.76,38173,8.96□,8.69◆,8.60◆,8.48◆,44526◆,22709◆,22956□,20711◆
20201117,8.78,8.78,8.61,8.7,27668,8.91□,8.71◆,8.61◆,8.48◆,42263□,23795◆,22175□,20876◆
20201118,8.7,8.75,8.66,8.71,17636,8.82□,8.73◆,8.62◆,8.48◆,28625□,24318◆,22160□,20929◆
20201119,8.72,8.82,8.69,8.76,13565,8.78□,8.75◆,8.63◆,8.49◆,24161□,24698◆,22111□,20951◆
20201120,8.76,8.79,8.67,8.67,18475,8.72□,8.76◆,8.63◆,8.49◆,23104□,25017◆,22178◆,21057◆
20201123,8.73,8.8,8.72,8.78,14982,8.73◆,8.77◆,8.64◆,8.49◆,18465□,23889□,22248◆,21114◆
20201124,8.83,8.88,8.78,8.78,23315,8.74◆,8.77◆,8.64◆,8.50◆,17595□,23345□,22360◆,21245◆
20201125,8.86,9.02,8.85,8.97,34868,8.79◆,8.79◆,8.65◆,8.50◆,21041◆,24167◆,22469◆,21322◆
20201126,9.02,9.08,8.95,8.98,20484,8.84◆,8.81◆,8.66◆,8.51◆,22425◆,24409◆,22363□,21357◆
20201127,8.98,9.02,8.94,9.02,18111,8.91◆,8.83◆,8.66◆,8.51◆,22352□,24721◆,22366◆,21336□
20201130,9.06,9.23,9.06,9.1,49719,8.97◆,8.85◆,8.67◆,8.51◆,29300◆,26736◆,22991◆,21457◆
20201201,9.2,9.2,9.03,9.15,28510,9.05◆,8.87◆,8.68◆,8.52◆,30339◆,27240◆,22891□,21560◆
20201202,9.19,9.44,9.16,9.39,69557,9.13◆,8.91◆,8.69◆,8.52◆,37276◆,29549◆,23655◆,22019◆
20201203,9.51,9.59,9.2,9.29,59052,9.19◆,8.93◆,8.70◆,8.53◆,44990◆,31982◆,23213□,22295◆
20201204,9.28,9.33,9.21,9.24,25235,9.24◆,8.96◆,8.71◆,8.54◆,46415◆,32785◆,23059□,22372◆
20201207,9.27,9.3,9.12,9.19,26450,9.25◆,8.98◆,8.71◆,8.55◆,41761□,33513◆,23096◆,22489◆
20201208,9.18,9.19,9.09,9.11,20881,9.25□,8.99◆,8.71◆,8.55◆,40235□,32608□,22828□,22569◆
20201209,9.15,9.18,9.11,9.14,16862,9.20□,8.98□,8.72◆,8.56◆,29696□,29160□,22214□,22633◆
20201210,9.17,9.37,9.14,9.21,32583,9.18□,9.00◆,8.73◆,8.57◆,24402□,28995□,22430◆,22848◆
20201211,9.34,9.36,9.15,9.2,26319,9.17□,9.01◆,8.73◆,8.58◆,24619◆,29122◆,22661◆,22982◆
20201214,9.26,9.7,9.24,9.61,69202,9.26◆,9.05◆,8.75◆,8.59◆,33170◆,30674◆,23587◆,23443◆
20201215,9.65,9.67,9.37,9.39,47263,9.31◆,9.09◆,8.75◆,8.59◆,38446◆,31654◆,23855◆,23746◆
20201216,9.46,9.49,9.39,9.43,19670,9.37◆,9.12◆,8.76◆,8.60◆,39008◆,31755◆,22669□,23741□
20201217,9.46,9.5,9.34,9.39,14255,9.41◆,9.15◆,8.77◆,8.61◆,35342□,31790◆,22498□,23770◆
20201218,9.39,9.44,9.32,9.33,16954,9.43◆,9.19◆,8.78◆,8.62◆,33469□,31714□,22393□,23848◆
20201221,9.35,9.73,9.35,9.69,70687,9.45◆,9.23◆,8.80◆,8.63◆,33766◆,34499◆,23232◆,24372◆
20201222,9.7,10.65,9.6,10.15,270803,9.60◆,9.30◆,8.83◆,8.65◆,78474◆,46873◆,27334◆,26575◆
20201223,10.5,10.8,10.1,10.6,324134,9.83◆,9.38◆,8.87◆,8.67◆,139367◆,61337◆,32439◆,29187◆
20201224,10.6,11.55,10.5,11.4,349060,10.24◆,9.50◆,8.92◆,8.69◆,206328◆,77765◆,38065◆,31930◆
20201225,11.6,11.95,11.2,11.55,265882,10.68◆,9.63◆,8.97◆,8.72◆,256113◆,90154◆,42390◆,34049◆
20201228,11.6,11.7,11.35,11.5,108643,11.04◆,9.75◆,9.02◆,8.74◆,263705◆,93100◆,44091◆,34869◆
20201229,11.6,12.05,11.5,11.65,205438,11.34◆,9.87◆,9.08◆,8.77◆,250632□,101947◆,47401◆,36483◆
20201230,11.7,11.9,11.35,11.45,108703,11.51◆,9.98◆,9.12◆,8.80◆,207545□,103904◆,49069◆,37270◆
20201231,11.7,11.9,11.45,11.65,97210,11.56◆,10.10◆,9.18◆,8.83◆,157175□,105812◆,50588◆,38014◆
20210104,11.7,11.8,11.5,11.55,51272,11.56,10.21◆,9.23◆,8.86◆,114253□,107114◆,51271◆,38375◆
20210105,11.55,12.1,11.5,11.6,132448,11.58◆,10.33◆,9.28◆,8.88◆,119014◆,112414◆,53285◆,39425◆
20210106,11.7,11.8,10.95,11.05,139286,11.46□,10.43◆,9.33◆,8.91◆,105784□,118334◆,55458◆,40518◆
20210107,11.4,11.55,11.2,11.3,71994,11.43□,10.54◆,9.38◆,8.93◆,98442□,121090◆,56510◆,41035◆
20210108,11.3,11.3,10.85,10.9,64477,11.28□,10.62◆,9.42◆,8.96◆,91896□,122685◆,57433◆,41520◆
20210111,11,11.15,10.8,10.85,41854,11.14□,10.70◆,9.46◆,8.98◆,90012□,123462◆,57970◆,41803◆
20210112,10.85,10.85,10.3,10.35,79299,10.89□,10.74◆,9.49◆,8.99◆,79382□,123967◆,59117◆,42398◆
20210113,10.55,10.9,10.5,10.6,52567,10.80□,10.80◆,9.53◆,9.01◆,62038□,124232◆,59894◆,42782◆
20210114,10.5,10.55,10.4,10.5,29413,10.64□,10.85◆,9.57◆,9.03◆,53522□,124719◆,60264◆,42943◆
20210115,10.5,10.55,10.1,10.1,52845,10.48□,10.89◆,9.60◆,9.05◆,51196□,126649◆,61045◆,43278◆
20210118,10.1,10.3,9.75,10.15,43487,10.34□,10.93◆,9.63◆,9.07◆,51522◆,127975◆,61569◆,43472◆
20210119,10.15,10.25,10.05,10.1,18243,10.29□,10.95◆,9.65◆,9.09◆,39311□,125353□,61247□,43535◆
20210120,10.2,10.25,9.6,9.68,70485,10.11□,10.93□,9.67◆,9.10◆,42895◆,115337□,61852◆,44067◆
20210121,9.76,9.95,9.55,9.6,37172,9.93□,10.88□,9.68◆,9.11◆,44447◆,100989□,62164◆,44320◆
20210122,9.6,9.68,9.4,9.55,36750,9.82□,10.79□,9.70◆,9.12◆,41228□,85374□,62516◆,44260□
20210125,9.55,9.8,9.42,9.76,24095,9.74□,10.70□,9.72◆,9.13◆,37349□,73284□,62720◆,44299◆
20210126,9.92,9.93,9.58,9.67,31377,9.65□,10.60□,9.74◆,9.15◆,39976◆,69421□,63086◆,44450◆
20210127,9.72,9.75,9.56,9.59,19186,9.64□,10.50□,9.75◆,9.15◆,29716□,60108□,63098◆,44422□
20210128,9.45,9.52,9.35,9.41,19887,9.60□,10.40□,9.76◆,9.16◆,26259□,55667□,63040□,44380□
20210129,9.49,9.49,9.24,9.26,23311,9.54□,10.28□,9.77◆,9.17◆,23571□,51973□,63256◆,44242□
20210201,9.2,9.46,9,9.35,28478,9.46□,10.17□,9.78◆,9.18◆,24448◆,50833□,63577◆,43779□
20210202,9.42,9.53,9.36,9.5,20519,9.42□,10.06□,9.79◆,9.19◆,22276□,45236□,63721◆,43764□
20210203,9.58,9.58,9.42,9.47,12125,9.40□,9.99□,9.80◆,9.20◆,20864□,38878□,63273□,43734□
20210204,9.46,9.56,9.4,9.42,12805,9.40◆,9.89□,9.80◆,9.20◆,19448□,35919□,62056□,43671□
20210205,9.45,9.5,9.4,9.49,16438,9.45◆,9.82□,9.81◆,9.21◆,18073□,33517□,61732□,42641□
20210217,9.76,10.4,9.7,10.4,107293,9.66◆,9.80□,9.84◆,9.22◆,33836◆,36789◆,63124◆,43078◆
20210218,10.35,10.7,10.1,10.3,90686,9.82◆,9.80□,9.86◆,9.23◆,47870◆,37358◆,64000◆,43478◆
20210219,10.3,10.6,10.2,10.4,47179,10.00◆,9.79□,9.89◆,9.25◆,54880◆,37089□,64325◆,43250□
20210222,10.7,10.75,10.5,10.6,49138,10.24◆,9.79◆,9.92◆,9.27◆,62147◆,38075◆,64850◆,43505◆
20210223,10.65,11.1,10.6,10.95,91555,10.53◆,9.83◆,9.96◆,9.29◆,77170◆,40011◆,66150◆,44130◆
20210224,11.05,11.1,10.6,10.7,64245,10.59◆,9.86◆,9.99◆,9.31◆,68561□,41048◆,66912◆,44545◆
20210225,10.9,11,10.7,10.9,38518,10.71◆,9.90◆,10.03◆,9.33◆,58127□,42062◆,67305◆,44776◆
20210226,10.7,10.8,10.55,10.75,54326,10.78◆,9.95◆,10.06◆,9.35◆,59557◆,41254□,67822◆,45091◆
20210302,10.9,11,10.65,10.65,67088,10.79◆,10.01◆,10.09◆,9.37◆,63147◆,42750◆,68359◆,45414◆
20210303,10.85,11,10.8,10.95,55429,10.79,10.08◆,10.12◆,9.39◆,55921□,43684◆,68941◆,45652◆
20210304,11.1,11.6,11.1,11.15,166255,10.88◆,10.15◆,10.16◆,9.41◆,76323◆,50792◆,71410◆,46888◆
20210305,11.15,11.2,10.8,10.9,68138,10.88,10.21◆,10.19◆,9.43◆,82247◆,52630◆,71717◆,47354◆
20210308,11.2,11.5,11,11.2,115677,10.97◆,10.29◆,10.22◆,9.45◆,94518◆,57455◆,73170◆,48031◆
20210309,11.4,11.45,11.15,11.2,55823,11.08◆,10.38◆,10.25◆,9.47◆,92265□,59251◆,72941□,48298◆
20210310,11.25,11.3,11,11.05,46149,11.10◆,10.47◆,10.28◆,9.49◆,90409□,60393◆,72726□,47969□
20210311,11.15,11.3,11,11.05,41343,11.08□,10.55◆,10.31◆,9.51◆,65426□,61037◆,72994◆,48027◆
20210312,11.2,11.2,10.9,11.05,41400,11.11◆,10.63◆,10.34◆,9.53◆,60079□,62081◆,73244◆,48170◆
20210315,11.15,11.35,11.1,11.1,41715,11.09□,10.71◆,10.38◆,9.54◆,45286□,63560◆,73591◆,48209◆
20210316,11.2,11.2,10.9,10.9,34914,11.03□,10.79◆,10.40◆,9.56◆,41104□,64666◆,73892◆,48053□
20210317,10.9,11,10.85,10.9,25030,11.00□,10.86◆,10.43◆,9.58◆,36881□,65095◆,73766□,48098◆
20210318,10.95,11,10.85,10.85,19902,10.96□,10.88◆,10.46◆,9.60◆,32592□,60726□,73659□,48160◆
20210319,10.75,10.75,10.6,10.65,31197,10.88□,10.90◆,10.48◆,9.61◆,30552□,57751□,73025□,48306◆
20210322,10.65,10.95,10.55,10.95,29619,10.85□,10.92◆,10.50◆,9.63◆,28133□,56873□,72731□,48293□
20210323,10.95,11.05,10.75,10.75,26029,10.82□,10.93◆,10.53◆,9.64◆,26356□,55718□,72837◆,47753□
20210324,10.65,10.75,10.6,10.65,21508,10.77□,10.92□,10.55◆,9.66◆,25651□,52215□,72958◆,47728□
20210325,10.65,10.85,10.65,10.65,18886,10.73□,10.91□,10.57◆,9.67◆,25448□,49947□,72990◆,47692□
20210326,10.7,10.85,10.7,10.75,21887,10.75◆,10.91□,10.59◆,9.69◆,23586□,49116□,72177□,47705◆
20210329,10.8,11.1,10.8,11.05,61575,10.77◆,10.92◆,10.60◆,9.71◆,29977◆,49478◆,68690□,48012◆
20210330,11.05,11.1,10.9,11,26629,10.82◆,10.94◆,10.61◆,9.74◆,30097◆,47455□,63731□,48085◆
20210331,11,11,10.8,10.95,37014,10.88◆,10.94,10.60□,9.76◆,33198◆,46535□,58531□,48298◆
20210401,10.95,11,10.85,10.9,20254,10.93◆,10.93□,10.59□,9.78◆,33472◆,39235□,54437□,48413◆
20210406,11,11.1,10.9,10.95,41330,10.97◆,10.93◆,10.58□,9.80◆,37361◆,37894□,53315□,48703◆
20210407,11.1,11.35,11.05,11.3,108173,11.02◆,10.93◆,10.57□,9.83◆,46680◆,37519□,51694□,49548◆
20210408,11.35,11.45,11.3,11.35,61655,11.09◆,10.94◆,10.57□,9.85◆,53685◆,37811◆,50910□,49990◆
20210409,11.65,12.15,11.6,11.7,209641,11.24◆,10.97◆,10.57◆,9.88◆,88211◆,45985◆,52784◆,51686◆
20210412,11.9,12.75,11.8,12.5,250322,11.56◆,11.05◆,10.59◆,9.91◆,134224◆,56434◆,56101◆,53686◆
20210413,12.9,13.1,12.1,12.2,223402,11.81◆,11.10◆,10.60◆,9.94◆,170639◆,65534◆,57617◆,55451◆
20210414,12.25,12.6,11.8,12.25,148588,12.00◆,11.16◆,10.62◆,9.97◆,178722◆,70878◆,57772◆,56615◆
20210415,12.7,13.4,12.5,13.2,354898,12.37◆,11.28◆,10.65◆,10.01◆,237370◆,86877◆,62487◆,59499◆
20210416,13.3,13.5,13,13.35,235173,12.70◆,11.40◆,10.69◆,10.06◆,242477◆,97384◆,65332◆,61382◆
20210419,13.55,14.65,13.55,14.65,380523,13.13◆,11.59◆,10.76◆,10.11◆,268517◆,115415◆,70977◆,64473◆
20210420,15,15.1,14.35,14.6,275537,13.61◆,11.79◆,10.83◆,10.16◆,278944◆,127632◆,74247◆,66682◆
20210421,14.35,15.05,14.1,14.95,210275,14.15◆,11.99◆,10.90◆,10.22◆,291281◆,136665◆,76876◆,68385◆
20210422,15.15,16.3,14.65,15,419165,14.51◆,12.20◆,10.97◆,10.27◆,304135◆,156322◆,83372◆,71818◆
20210423,15.3,15.5,14.35,14.65,175688,14.77◆,12.40◆,11.05◆,10.32◆,292238□,164031◆,85419◆,73232◆
20210426,14.8,15,14.45,14.7,107631,14.78◆,12.60◆,11.13◆,10.38◆,237659□,168468◆,86488◆,74028◆
20210427,14.9,15.45,14.8,15.1,149754,14.88◆,12.82◆,11.21◆,10.43◆,212503□,174861◆,88680◆,74963◆
20210428,15.35,16.2,15.3,16.1,288489,15.11◆,13.07◆,11.32◆,10.49◆,228146◆,186207◆,92313◆,77083◆
20210429,16.6,16.9,15.75,15.9,261563,15.29◆,13.32◆,11.42◆,10.55◆,196625□,197954◆,96053◆,79109◆
20210503,16.3,17.05,16.05,16.5,342346,15.66◆,13.59◆,11.54◆,10.62◆,229957◆,213220◆,101146◆,81831◆
20210504,16.8,17.3,14.85,14.95,456367,15.71◆,13.80◆,11.62◆,10.67◆,299704◆,235026◆,108351◆,85535◆
20210505,15,15.6,14.4,15.1,187267,15.71,14.00◆,11.71◆,10.72◆,307207◆,242323◆,110949◆,87017◆
20210506,15.3,15.65,14.55,14.95,155779,15.48□,14.19◆,11.80◆,10.78◆,280665□,244703◆,113226◆,88162◆
20210507,15.25,15.3,13.6,14.35,259633,15.17□,14.34◆,11.89◆,10.82◆,280279□,254602◆,117221◆,90131◆
20210510,14.5,15.25,14.35,15.05,146285,14.88□,14.50◆,11.98◆,10.88◆,241066□,251434□,119271◆,91263◆
20210511,14.8,15.3,13.9,14.2,198692,14.73□,14.59◆,12.06◆,10.92◆,189531□,248853□,122108◆,92843◆
20210512,14.15,14.5,12.8,13,282740,14.31□,14.63◆,12.12◆,10.96◆,208626◆,251820◆,126478◆,95100◆
20210513,12.55,13.2,12.05,12.45,163333,13.81□,14.64◆,12.17◆,10.99◆,210137◆,252557◆,128998◆,96136◆
20210514,12.95,13.2,12.3,12.6,147635,13.46□,14.61□,12.22◆,11.01◆,187737□,242194□,131245◆,96651◆
20210517,11.4,12,11.35,11.35,113506,12.72□,14.51□,12.25◆,11.03◆,181181□,236111□,132863◆,97298◆
20210518,11.55,12.35,11.35,12.35,158709,12.35□,14.39□,12.29◆,11.06◆,173185□,225020□,133720◆,98422◆
20210519,12.15,12.75,12,12.35,96897,12.22□,14.28□,12.32◆,11.09◆,136016□,216088□,133824◆,98912◆
20210520,12.4,12.45,11.9,12,72238,12.13□,14.13□,12.35◆,11.12◆,117797□,209186□,134241◆,99283◆
20210521,12.35,12.45,11.85,12.2,74709,12.05□,13.99□,12.37◆,11.15◆,103212□,191963□,134668◆,99759◆
20210524,12.15,12.75,12.1,12.4,96044,12.26◆,13.88□,12.40◆,11.18◆,99720□,187981□,134742◆,100446◆
20210525,12.55,13.25,12.55,12.85,148717,12.36◆,13.79□,12.43◆,11.21◆,97721□,190035◆,136150◆,101531◆
20210526,12.95,13.1,12.6,12.7,53515,12.43◆,13.67□,12.46◆,11.25◆,89045□,185223□,136400◆,101852◆
20210527,12.7,12.75,12.5,12.6,41764,12.55◆,13.49□,12.50◆,11.28◆,82950□,172887□,136191□,102006◆
20210528,12.85,13,12.75,12.9,52466,12.69◆,13.34□,12.53◆,11.31◆,78501□,162432□,135947□,102153◆
20210531,13.05,13.4,13,13.05,92263,12.82◆,13.17□,12.57◆,11.34◆,77745□,149928□,136561◆,102751◆
20210601,13.4,13.7,13.3,13.5,126804,12.95◆,13.10□,12.61◆,11.38◆,73363□,133450□,135904□,103657◆
20210602,13.9,14.45,13.8,14.25,217701,13.26◆,13.06□,12.66◆,11.42◆,106200◆,134972◆,138396◆,105057◆
20210603,14.65,14.75,14.25,14.35,160321,13.61◆,13.03□,12.72◆,11.47◆,129911◆,135199◆,139140◆,106155◆
20210604,14.1,14.4,13.9,13.95,74103,13.82◆,13.01□,12.76◆,11.51◆,134239◆,125922□,139445◆,106193◆
20210607,14.2,14.3,13.65,14.05,75845,14.02◆,12.96□,12.81◆,11.55◆,130955□,122400□,139940◆,106333◆
20210608,14.1,14.1,13.8,13.8,43560,14.08◆,12.94□,12.86◆,11.58◆,114306□,114644□,139977◆,106486◆
20210609,13.85,13.9,13.25,13.4,71137,13.91□,12.96◆,12.90◆,11.62◆,84993□,104063□,140472◆,106858◆
20210610,13.5,13.6,13.05,13.45,57616,13.73□,13.01◆,12.94◆,11.66◆,64452□,98778□,140737◆,107164◆
20210611,13.6,13.65,13.35,13.45,37708,13.63□,13.05◆,12.98◆,11.69◆,57173□,93281□,140784◆,107338◆
20210615,13.55,13.6,13.25,13.3,31370,13.48□,13.15◆,13.02◆,11.73◆,48278□,89174□,140890◆,107328□
20210616,13.5,13.9,13.4,13.55,80411,13.43□,13.21◆,13.06◆,11.76◆,55649◆,85260□,141898◆,107778◆
20210617,13.45,13.55,13.3,13.45,30427,13.44◆,13.26◆,13.11◆,11.79◆,47507□,81936□,141885□,107455□
20210618,13.45,13.5,13.15,13.15,44828,13.38□,13.32◆,13.15◆,11.82◆,44949□,80566□,142139◆,107435□
20210621,12.95,13,12.5,12.8,64610,13.25□,13.35◆,13.18◆,11.85◆,50329◆,80061□,142782◆,107810◆
20210622,13.2,13.6,13.15,13.6,81349,13.31◆,13.41◆,13.23◆,11.89◆,60325◆,79326□,143779◆,108369◆
20210623,13.8,13.85,13.2,13.4,80010,13.28□,13.44◆,13.28◆,11.92◆,60245□,75891□,144798◆,108894◆
20210624,13.35,13.6,13.3,13.55,40978,13.30◆,13.48◆,13.32◆,11.95◆,62355◆,75264□,145116◆,108647□
20210625,13.75,13.75,13.45,13.55,37734,13.38◆,13.53◆,13.36◆,11.98◆,60936□,75062□,144719□,106704□
20210628,13.6,13.65,13.4,13.65,44196,13.55◆,13.56◆,13.41◆,12.01◆,56854□,74649□,145012◆,104372□
20210629,13.8,14,13.5,13.5,79361,13.53□,13.59◆,13.45◆,12.03◆,56456□,74004□,145717◆,102124□
20210630,13.6,14,13.5,13.95,111246,13.64◆,13.61◆,13.50◆,12.05◆,62703◆,73226□,147234◆,100835□
20210701,14.15,15.3,14.1,15.3,517718,13.99◆,13.66◆,13.57◆,12.08◆,158051◆,88227◆,155174◆,104244◆
20210702,15.6,16.3,14.25,14.55,706158,14.19◆,13.67◆,13.63◆,12.10◆,291736◆,115518◆,165140◆,108417◆
20210705,14.85,14.9,14.3,14.35,117221,14.33◆,13.69◆,13.68◆,12.13◆,306341◆,117674◆,166066◆,108488◆
20210706,14.5,14.6,14.1,14.25,87238,14.48◆,13.70◆,13.72◆,12.15◆,307916◆,118244◆,164026□,108405□
20210707,14.15,14.2,13.7,13.85,89271,14.46□,13.70◆,13.74◆,12.17◆,303521□,120529◆,161342□,108722◆
20210708,13.9,14.1,13.8,13.95,46939,14.19□,13.73◆,13.77◆,12.19◆,209366□,119320□,158401□,108009□
20210709,13.8,14,13.7,13.85,33444,14.05□,13.75◆,13.80◆,12.21◆,74823□,118111□,156482□,107127□
20210712,14.15,14.2,13.8,13.8,39834,13.94□,13.77◆,13.81◆,12.23◆,59345□,118217◆,151231□,106859□
20210713,13.9,13.95,13.25,13.4,82800,13.77□,13.77◆,13.81◆,12.25◆,58458□,120789◆,148691□,107012◆
20210714,13.4,13.5,13,13.15,59439,13.63□,13.75□,13.78□,12.27◆,52491□,119740□,143340□,107158◆
20210715,13.3,13.75,13.25,13.7,41240,13.58□,13.77◆,13.77□,12.30◆,51352□,120281◆,139435□,106841□
20210716,13.7,13.85,13.5,13.55,37906,13.52□,13.79◆,13.75□,12.32◆,52244◆,119935□,136562□,106719□
20210719,13.5,13.65,13.35,13.6,24723,13.48□,13.83◆,13.72□,12.35◆,49222□,117940□,129988□,106680□
20210720,13.4,13.45,13.2,13.3,36327,13.46□,13.81□,13.70□,12.37◆,39927□,115689□,127665□,106542□
20210721,13.45,13.45,12.75,12.85,72211,13.40□,13.78□,13.67□,12.40◆,42482◆,115299□,127075□,106782◆
20210722,13,13.2,12.9,12.9,27337,13.24□,13.75□,13.63□,12.42◆,39701□,114617□,125035□,106857◆
20210723,13.05,13.4,13,13.35,38646,13.20□,13.74□,13.59□,12.45◆,39849◆,114663◆,120871□,106592□
20210726,13.4,13.5,13.15,13.15,26630,13.11□,13.72□,13.54□,12.48◆,40230◆,113785□,116955□,106504□
20210727,13.25,13.3,13,13,21105,13.05□,13.69□,13.48□,12.51◆,37186□,110872□,111601□,106374□
20210728,12.9,13.1,12.7,12.95,31428,13.07◆,13.64□,13.45□,12.54◆,29029□,106881□,104519□,106435◆
20210729,13.1,13.25,12.95,13.1,21082,13.11◆,13.53□,13.42□,12.56◆,27778□,82049□,101749□,106349□
20210730,13.15,13.3,13,13.15,20971,13.07□,13.46□,13.39□,12.59◆,24243□,47790□,99502□,106364◆
20210802,13.15,13.45,13.05,13.45,25812,13.13◆,13.42□,13.37□,12.63◆,24080□,43219□,95605□,106413◆
20210803,13.4,13.5,13.25,13.35,17074,13.20◆,13.37□,13.34□,12.66◆,23274□,39711□,93452□,106361□
20210804,13.4,13.55,13.35,13.5,24699,13.31◆,13.35□,13.33□,12.70◆,21928□,36482□,90552□,106330□
20210805,13.6,13.6,13.25,13.3,25809,13.35◆,13.32□,13.34◆,12.73◆,22873◆,35426□,86270□,106374◆
20210806,13.3,13.55,13.25,13.35,26090,13.39◆,13.30□,13.35◆,12.76◆,23897◆,35058□,83982□,106490◆
20210809,13.45,13.8,13.3,13.65,51783,13.43◆,13.29□,13.37◆,12.80◆,29091◆,35656◆,82385□,106815◆
20210810,13.75,13.8,13.3,13.4,30686,13.44◆,13.29,13.40◆,12.83◆,31814◆,33050□,81004□,106934◆
20210811,13.4,13.6,13.1,13.3,27559,13.40□,13.30◆,13.42◆,12.85◆,32386◆,31456□,78819□,106269□
20210812,13.4,13.5,13.25,13.4,13954,13.42◆,13.28□,13.44◆,12.88◆,30015□,30092□,77436□,105630□
20210813,13.45,13.6,13.3,13.35,25444,13.42,13.27□,13.46◆,12.90◆,29885□,29469□,76656□,105449□
20210816,13.55,13.6,13,13.05,44909,13.30□,13.24□,13.47◆,12.92◆,28511□,30478◆,76160□,105414□
20210817,13.2,13.25,12.65,12.7,38792,13.16□,13.21□,13.48◆,12.94◆,30132◆,30601◆,75205□,104974□
20210818,12.65,13.1,12.35,13.1,50170,13.12□,13.23◆,13.48◆,12.96◆,34654◆,29499□,73563□,104857□
20210819,12.85,12.95,12.45,12.45,48393,12.93□,13.20□,13.48□,12.97◆,41542◆,30552◆,73478□,104939◆
20210820,12.55,12.65,12.05,12.1,41317,12.68□,13.14□,13.47□,12.98◆,44716◆,30685◆,73470□,104830□
20210823,12.25,12.55,12.25,12.45,22172,12.56□,13.11□,13.46□,13.00◆,40169□,30463□,72965□,104456□
20210824,12.55,12.75,12.4,12.6,27776,12.54□,13.09□,13.45□,13.01◆,37966□,30796◆,71890□,104226□
20210825,12.65,12.75,12.5,12.65,17709,12.45□,13.07□,13.44□,13.02◆,31474□,30110□,70072□,102988□
20210826,12.7,12.8,12.55,12.6,13429,12.48◆,13.05□,13.41□,13.04◆,24481□,29728□,66668□,102532□
20210827,12.65,12.9,12.6,12.75,24762,12.61◆,13.03□,13.39□,13.05◆,21170□,29917◆,64408□,101774□
20210830,12.95,12.95,12.8,12.95,15717,12.71◆,13.00□,13.37□,13.07◆,19879□,29412□,63435□,101440□
20210831,12.9,12.95,12.7,12.9,15141,12.77◆,12.98□,13.35□,13.08◆,17352□,29316□,62424□,101182□
20210901,12.85,12.9,12.75,12.8,13056,12.80◆,12.94□,13.33□,13.10◆,16421□,28734□,61915□,100946□
20210902,12.8,12.85,12.45,12.45,21920,12.77□,12.90□,13.32□,13.11◆,18119◆,28539□,61095□,100784□
20210903,12.55,12.65,12.4,12.5,16827,12.72□,12.86□,13.30□,13.12◆,16532□,28076□,60415□,100576□
20210906,12.55,12.55,12.05,12.1,31629,12.55□,12.78□,13.28□,13.13◆,19715◆,27068□,60314□,100549□
20210907,12.1,12.45,12.05,12.35,18912,12.44□,12.73□,13.26□,13.14◆,20469◆,26480□,60106□,100498□
20210908,12.4,12.4,12.1,12.1,14752,12.30□,12.67□,13.24□,13.15◆,20808◆,25839□,59012□,100455□
20210909,12.15,12.25,12.05,12.25,9501,12.26□,12.61□,13.22□,13.16◆,18324□,25617□,58663□,100274□
20210910,12.3,12.65,12.25,12.5,17934,12.26,12.57□,13.21□,13.18◆,18546◆,25241□,58215□,100177□
20210913,12.6,12.85,12.5,12.75,29244,12.39◆,12.55□,13.21□,13.19◆,18069□,24458□,57625□,100204◆
20210914,12.85,12.9,12.6,12.6,14104,12.44◆,12.55□,13.19□,13.21◆,17107□,23223□,56505□,100142□
20210915,12.6,12.85,12.55,12.65,18189,12.55◆,12.53□,13.18□,13.23◆,17795◆,21624□,55474□,100136□
20210916,12.75,12.95,12.7,12.95,37890,12.69◆,12.55◆,13.17□,13.25◆,23472◆,21099□,55423□,100269◆
20210917,12.85,12.9,12.55,12.6,37570,12.71◆,12.58◆,13.15□,13.26◆,27400◆,20912□,55420□,100069□
20210922,12.2,12.4,12.1,12.3,22065,12.62□,12.57□,13.13□,13.27◆,25964□,20906□,55051□,100031□
20210923,12.4,12.55,12.3,12.45,16396,12.59□,12.56□,13.11□,13.28◆,26422◆,20337□,54002□,99860□
20210924,12.55,12.75,12.5,12.55,17748,12.57□,12.56□,13.09□,13.30◆,26334□,20339◆,52443□,99839□
20210927,12.7,13.5,12.7,13.2,104942,12.62◆,12.59◆,13.05□,13.31◆,39744◆,24915◆,45564□,100369◆
20210928,13.1,13.4,13.05,13.3,45841,12.76◆,12.61◆,13.03□,13.33◆,41399◆,25969◆,34559□,99849□
20210929,13,13.5,12.95,13,66193,12.90◆,12.62◆,13.01□,13.34◆,50224◆,28493◆,33708□,99887◆
20210930,13,13.1,12.7,12.9,41106,12.99◆,12.62,12.99□,13.35◆,55166◆,29791◆,32939□,98483□
20211001,12.8,12.85,12.3,12.35,39526,12.95□,12.59□,12.96□,13.35□,59522◆,31115◆,32110□,96726□
20211004,12.45,12.5,12.05,12.15,30283,12.74□,12.58□,12.93□,13.35□,44590□,31533◆,31833□,95117□
20211005,12.1,12.5,11.9,12.45,29198,12.57□,12.58□,12.91□,13.35◆,41261□,32151◆,31762□,94122□
20211006,12.5,12.5,12.15,12.2,17309,12.41□,12.58◆,12.88□,13.35□,31485□,31435□,31386□,91309□
20211007,12.3,12.45,12.3,12.4,13974,12.31□,12.58◆,12.87□,13.34□,26058□,31188□,30239□,89465□
20211008,12.45,12.6,12.2,12.25,15143,12.29□,12.59◆,12.85□,13.32□,21182□,31208◆,29501□,86420□
20211012,12.25,12.4,12.05,12.1,17853,12.28□,12.58□,12.83□,13.30□,18696□,31626◆,29111□,84273□
20211013,12.2,12.25,12,12.05,22270,12.20□,12.56□,12.80□,13.27□,17310□,31842◆,28851□,82706□
20211014,12.15,12.2,11.9,11.95,20034,12.15□,12.52□,12.77□,13.25□,17855◆,31382□,28772□,79380□
20211015,12.15,12.15,12,12.05,13362,12.08□,12.49□,12.75□,13.23□,17733□,31345□,28390□,78028□
20211018,12.2,12.7,12.2,12.6,53818,12.15◆,12.49□,12.75□,13.21□,25468◆,33126◆,28083□,77579□
20211019,12.5,12.65,12.4,12.55,25003,12.24◆,12.47□,12.74□,13.19□,26898◆,32482□,28044□,76540□
20211020,12.55,12.6,12.3,12.35,14359,12.30◆,12.46□,12.73□,13.16□,25315□,31321□,27640□,74255□
20211021,12.4,12.45,12.3,12.35,10082,12.38◆,12.46◆,12.71□,13.13□,23325□,30722□,27364□,72159□
20211022,12.35,12.4,12.05,12.15,17127,12.40◆,12.45□,12.70□,13.09□,24078◆,30759◆,27297□,69449□
20211025,12.1,12.25,12.1,12.2,11265,12.32□,12.43□,12.69□,13.07□,15567□,30435□,26961□,65740□
20211026,12.25,12.3,12.15,12.15,12481,12.24□,12.38□,12.67□,13.04□,13063□,25811□,26818□,64284□
20211027,12.2,12.25,12.05,12.15,11009,12.20□,12.32□,12.65□,13.02□,12393□,24070□,26652□,63077□
20211028,12.1,12.25,12.1,12.2,14084,12.17□,12.28□,12.63□,13.00□,13193◆,21464□,26457□,61031□
20211029,12.2,12.25,12.05,12.1,11920,12.16□,12.24□,12.61□,12.98□,12152□,20005□,26371□,59911□
20211101,12.15,12.3,12.1,12.25,15974,12.17◆,12.23□,12.59□,12.96□,13094◆,18828□,26225□,58389□
20211102,12.3,12.4,12.15,12.15,18520,12.17,12.23,12.57□,12.95□,14302◆,18239□,26104□,56187□
20211103,12.2,12.5,12.2,12.4,23037,12.22◆,12.23□,12.56□,12.95□,16707◆,17931□,26053□,55018□
20211104,12.5,12.65,12.4,12.4,26165,12.26◆,12.24◆,12.53□,12.95□,19123◆,18374◆,25626□,54005□
20211105,12.5,12.5,12.3,12.5,12909,12.34◆,12.25◆,12.52□,12.96◆,19321◆,18321□,25330□,53167□
20211108,12.55,12.8,12.5,12.65,32084,12.42◆,12.27◆,12.51□,12.96◆,22543◆,19168◆,25405◆,52112□
20211109,12.75,12.8,12.6,12.65,20209,12.52◆,12.29◆,12.50□,12.97◆,22881◆,19286◆,25509◆,51473□
20211110,12.95,13.7,12.9,13.1,156818,12.66◆,12.35◆,12.49□,12.98◆,49637◆,26013◆,27699◆,52178◆
20211111,13,13.55,12.95,13.25,75267,12.83◆,12.41◆,12.50◆,12.98◆,59458◆,28775◆,28205◆,52182◆
20211112,13.4,13.4,13,13.1,36998,12.95◆,12.46◆,12.50◆,12.99◆,64275◆,29957◆,28175□,51690□
20211115,13.3,13.35,13,13.05,30297,13.03◆,12.49◆,12.50□,12.99◆,63918□,28781□,27844□,50703□
20211116,13.1,13.35,13.05,13.05,27528,13.11◆,12.51◆,12.51◆,12.99◆,65382◆,28907◆,27496□,50487□
20211117,13.2,13.2,13,13.1,18175,13.11,12.55◆,12.53◆,13.00◆,37653□,29098◆,27110□,50290□
20211118,13.1,13.2,12.75,13.15,49694,13.09□,12.59◆,12.54◆,13.00◆,32539□,31078◆,27569◆,50267□
20211119,13.3,13.45,13.2,13.25,46146,13.12◆,12.64◆,12.55◆,13.00◆,34368◆,32529◆,27875◆,49883□
20211122,13.4,13.45,13.25,13.3,24576,13.17◆,12.70◆,12.56◆,13.00□,33224□,33195◆,27990◆,49031□
20211123,13.3,13.45,13.2,13.35,31256,13.23◆,12.76◆,12.57◆,12.99□,33970◆,34133◆,28287◆,47477□
20211124,13.45,13.7,13.4,13.65,81481,13.34◆,12.83◆,12.59◆,12.99□,46631◆,37657◆,29232◆,46820□
20211125,13.6,13.7,13.4,13.4,34802,13.39◆,12.89◆,12.60◆,12.98□,43652□,38693◆,29550◆,46493□
20211126,13.4,13.45,13.05,13.1,46024,13.36□,12.94◆,12.60◆,12.97□,43628□,40398◆,30065◆,46244□
20211129,12.9,12.95,12.65,12.85,29051,13.27□,12.97◆,12.60◆,12.97□,44523◆,41052◆,30331◆,46123□
20211130,12.95,13,12.7,12.7,25832,13.14□,13.00◆,12.60◆,12.96□,43438□,41418◆,30397◆,45746□
20211201,12.65,12.8,12.5,12.75,19474,12.96□,13.02◆,12.61◆,12.96□,31037□,41239□,30441◆,45428□
20211202,12.75,12.75,12.55,12.55,20498,12.79□,13.03◆,12.62◆,12.95□,28176□,40956□,30255□,45284□
20211203,12.65,12.75,12.6,12.7,16945,12.71□,13.04◆,12.62◆,12.94□,22360□,41158◆,30222□,45164□
20211206,12.7,12.7,12.6,12.65,12996,12.67□,13.04,12.63◆,12.94□,19149□,40203□,30193□,44602□
20211207,12.75,12.8,12.6,12.65,17129,12.66□,13.04,12.64◆,12.93□,17409□,40049□,30320◆,44492□
20211208,12.75,12.75,12.65,12.65,12036,12.64□,13.01□,12.64◆,12.92□,15921□,32810□,30222□,44218□
20211209,12.7,12.75,12.65,12.7,18867,12.67◆,12.99□,12.64□,12.92□,15595□,29990□,30049□,43837□
20211210,12.7,12.7,12.4,12.45,32411,12.62□,12.95□,12.64□,12.91□,18688◆,29761□,30354◆,43429□
20211213,12.5,12.55,12.4,12.4,19473,12.57□,12.92□,12.63□,12.91□,19983◆,29220□,30375◆,42925□
20211214,12.4,12.45,12.25,12.25,19316,12.49□,12.88□,12.62□,12.89□,20421◆,28809□,30066□,42744□
20211215,12.3,12.35,12.25,12.3,15997,12.42□,12.84□,12.62□,12.88□,21213◆,28700□,29706□,42563□
20211216,12.45,12.65,12.35,12.65,30713,12.41□,12.82□,12.62◆,12.88□,23582◆,27751□,29851◆,42451□
20211217,12.55,12.65,12.45,12.45,11912,12.41,12.78□,12.62,12.87□,19482□,26040□,29776□,41889□
20211220,12.5,12.55,12.45,12.45,8239,12.42◆,12.73□,12.62□,12.85□,17236□,25223□,29617□,41030□
20211221,12.5,12.55,12.45,12.5,7985,12.47◆,12.69□,12.61□,12.83□,14969□,24059□,28001□,36783□
20211222,12.55,12.6,12.5,12.5,8368,12.51◆,12.63□,12.60□,12.81□,13444□,20404□,27377□,30968□
20211223,12.55,12.6,12.5,12.55,10224,12.49□,12.59□,12.59□,12.80□,9346□,19175□,26444□,30076□
20211224,12.5,12.6,12.45,12.45,29272,12.49,12.56□,12.58□,12.78□,12818◆,18337□,26247□,29593□
20211227,12.45,12.5,12.45,12.5,13891,12.50◆,12.54□,12.58◆,12.77□,13948◆,17579□,25819□,28965□
20211228,12.55,12.7,12.55,12.7,23118,12.54◆,12.54,12.59◆,12.76□,16975◆,17443□,25700□,28766□
20211229,12.75,12.9,12.7,12.85,27316,12.61◆,12.55◆,12.60◆,12.75□,20764◆,17835◆,25669□,28715□
20211230,13.1,13.35,13,13.15,70900,12.73◆,12.58◆,12.61◆,12.75□,32900◆,20356◆,26562◆,28974◆
20220103,13.2,13.3,12.9,12.95,26990,12.83◆,12.59◆,12.62◆,12.75□,32443□,20858◆,26779◆,28509□
20220104,13,13,12.75,12.8,16644,12.89◆,12.60◆,12.63◆,12.74□,32994◆,21040◆,26804◆,28152□
20220105,12.8,12.9,12.75,12.75,9982,12.90◆,12.60◆,12.64◆,12.73□,30367□,20683□,26673□,27892□
20220106,12.75,12.8,12.65,12.75,8967,12.88□,12.61◆,12.66◆,12.73□,26697□,20529□,26451□,27651□
20220107,12.8,13.25,12.7,12.75,46255,12.80□,12.61◆,12.67◆,12.72□,21768□,21899◆,26888◆,27830◆
20220110,12.75,12.8,12.65,12.75,13079,12.76□,12.62◆,12.68◆,12.72□,18986□,20932□,26883□,27636□
20220111,12.7,12.75,12.6,12.65,13203,12.73□,12.64◆,12.68◆,12.71□,18297□,20619□,26206□,27145□
20220112,12.75,12.9,12.65,12.85,19536,12.75◆,12.67◆,12.69◆,12.71□,20208◆,20630◆,26115□,27080□
20220113,12.9,13.15,12.85,12.95,31539,12.79◆,12.70◆,12.70◆,12.71□,24723◆,21407◆,26402◆,27021□
20220114,13,13,12.75,12.8,15300,12.80◆,12.71◆,12.70◆,12.71□,18532□,20636□,26489◆,26926□
20220117,12.85,12.95,12.8,12.95,12265,12.84◆,12.73◆,12.72◆,12.71□,18369□,20654◆,26407□,26852□
20220118,13,13.1,12.85,12.85,14475,12.88◆,12.75◆,12.73◆,12.71□,18623◆,20966◆,26461◆,26711□
20220119,12.9,13.05,12.7,12.8,20663,12.87□,12.77◆,12.74◆,12.70□,18849◆,21599◆,26597◆,26708□
20220120,12.85,12.95,12.75,12.9,15103,12.86□,12.79◆,12.75◆,12.70□,15561□,21936◆,26666◆,26659□
20220121,12.85,12.9,12.5,12.55,19434,12.81□,12.79,12.76◆,12.69□,16388◆,22397◆,26755◆,26606□
20220124,12.45,12.45,12.25,12.35,24136,12.69□,12.78□,12.76◆,12.69□,18762◆,22140□,26958◆,26664◆
20220125,12.3,12.35,12.05,12.05,26581,12.53□,12.76□,12.76□,12.67□,21184◆,22774◆,27135◆,26680◆
20220126,12.05,12.2,12.05,12.1,13713,12.39□,12.73□,12.76□,12.66□,19794□,22304□,27055□,26579□
