ら 戳,}L基,程蔼基,程C基,ΜL基,Θユq,А基[5],А基[20],А基[60],А基[120],Аq[5],Аq[20],Аq[60],Аq[120]
20171227,193,197.5,191,194.5,7150,0,0,0,0,0,0,0,0
20171228,198,203,197.5,199,6295,0,0,0,0,0,0,0,0
20171229,200.5,202.5,196,199,4642,0,0,0,0,0,0,0,0
20180102,200,201.5,195,198.5,3768,0,0,0,0,0,0,0,0
20180103,202.5,204.5,201,201,4994,198.4,0,0,0,5370,0,0,0
20180104,201.5,202,197,198.5,3553,199.20◆,0,0,0,4651□,0,0,0
20180105,201,207,201,201.5,8910,199.70◆,0,0,0,5174◆,0,0,0
20180108,202,211,198,207,13113,201.30◆,0,0,0,6868◆,0,0,0
20180109,211,211,200,200,8664,201.60◆,0,0,0,7847◆,0,0,0
20180110,200.5,201.5,191,192,8144,199.80□,0,0,0,8477◆,0,0,0
20180111,194,196.5,190.5,193,4828,198.70□,0,0,0,8732◆,0,0,0
20180112,193.5,197,193,194.5,5610,197.30□,0,0,0,8072□,0,0,0
20180115,197,197.5,193.5,195,2908,194.90□,0,0,0,6031□,0,0,0
20180116,195.5,202.5,192,200,9234,194.9,0,0,0,6145◆,0,0,0
20180117,198,198,193.5,193.5,6101,195.20◆,0,0,0,5736□,0,0,0
20180118,195,198,190,190,8145,194.60□,0,0,0,6400◆,0,0,0
20180119,191,193.5,183.5,184.5,10491,192.60□,0,0,0,7376◆,0,0,0
20180122,185.5,196,177.5,195,19714,192.6,0,0,0,10737◆,0,0,0
20180123,202,204,196.5,197.5,19435,192.10□,0,0,0,12777◆,0,0,0
20180124,195.5,204,193.5,204,12992,194.20◆,196.9,0,0,14156◆,8435,0,0
20180125,205.5,211.5,201,202.5,16172,196.70◆,197.30◆,0,0,15761◆,8886◆,0,0
20180126,203.5,207.5,201.5,204,8542,200.60◆,197.55◆,0,0,15371□,8998◆,0,0
20180129,212,220.5,211,218,23124,205.20◆,198.50◆,0,0,16053◆,9922◆,0,0
20180130,222.5,224,214,214,20453,208.50◆,199.28◆,0,0,16257◆,10756◆,0,0
20180131,212.5,217.5,210,217,9523,211.10◆,200.08◆,0,0,15563□,10983◆,0,0
20180201,218,218.5,210.5,210.5,6957,212.70◆,200.68◆,0,0,13720□,11153◆,0,0
20180202,205,207.5,201.5,202,10524,212.30□,200.70◆,0,0,14116◆,11234◆,0,0
20180205,190,192.5,188,190,10321,206.70□,199.85□,0,0,11556□,11094□,0,0
20180206,180,183,171,171.5,18100,198.20□,198.43□,0,0,11085□,11566◆,0,0
20180207,179,181.5,171,172,9495,189.20□,197.43□,0,0,11080□,11634◆,0,0
20180208,173,175.5,167.5,169,8300,180.90□,196.23□,0,0,11348◆,11807◆,0,0
20180209,157,166.5,155.5,166.5,11112,173.80□,194.83□,0,0,11466◆,12082◆,0,0
20180212,168.5,169.5,163,163,4655,168.40□,193.23□,0,0,10333□,12170◆,0,0
20180221,168.5,179,167,179,12054,169.90◆,192.18□,0,0,9123□,12311◆,0,0
20180222,178,182.5,175.5,177,10455,170.90◆,191.35□,0,0,9315◆,12528◆,0,0
20180223,185,185,177.5,177.5,8563,172.60◆,190.73□,0,0,9368◆,12549◆,0,0
20180226,180.5,182.5,177,177.5,7653,174.80◆,190.38□,0,0,8676□,12407□,0,0
20180227,180.5,184.5,178.5,178.5,9870,177.90◆,189.55□,0,0,9719◆,11915□,0,0
20180301,176,178.5,175.5,177.5,5548,177.60□,188.55□,0,0,8418□,11221□,0,0
20180302,175,176.5,172,176.5,4655,177.50□,187.18□,0,0,7258□,10804□,0,0
20180305,177.5,179,173,173,4063,176.60□,185.70□,0,0,6358□,10198□,0,0
20180306,174,176,169,169,7642,174.90□,183.95□,0,0,6356□,10153□,0,0
20180307,165,168.5,163,165.5,5861,172.30□,181.33□,0,0,5554□,9290□,0,0
20180308,168.5,179,167.5,175,10760,171.80□,179.38□,0,0,6596◆,8806□,0,0
20180309,174.5,176,171,172,4306,170.90□,177.13□,0,0,6527□,8545□,0,0
20180312,176,180.5,175,178,10867,171.90◆,175.50□,0,0,7887◆,8740◆,0,0
20180313,179.5,183.5,178,182.5,10390,174.60◆,174.53□,0,0,8437◆,8734□,0,0
20180314,181,181.5,178,179,5355,177.30◆,173.98□,0,0,8336□,8485□,0,0
20180315,178,186,177.5,182.5,11162,178.80◆,174.53◆,0,0,8416◆,8138□,0,0
20180316,183.5,185,181,181.5,6225,180.70◆,175.00◆,0,0,8800◆,7975□,0,0
20180319,182.5,185.5,181,181,5151,181.30◆,175.60◆,0,0,7657□,7817□,0,0
20180320,181.5,183.5,180,180,4593,180.80□,176.28◆,0,0,6497□,7492□,0,0
20180321,181.5,186.5,181,184,9532,181.80◆,177.33◆,0,0,7333◆,7735◆,0,0
20180322,185,189,180,180,10987,181.30□,177.38◆,0,0,7298□,7682□,0,0
20180323,172.5,175,170.5,172,7307,179.40□,177.13□,0,0,7514◆,7525□,0,0
20180326,173,177.5,173,175.5,4717,178.30□,177.03□,0,0,7427□,7332□,0,0
20180327,179,181.5,178,179,5429,178.10□,177.10◆,0,0,7595◆,7221□,0,0
20180328,177,179.5,176,177.5,2880,176.80□,177.05□,0,0,6264□,6872□,0,0
20180329,179.5,180,176.5,176.5,2146,176.10□,177.00□,0,0,4496□,6702□,0,0
20180330,179,184,178.5,180,6090,177.70◆,177.18◆,187.08,0,4253□,6773◆,8671,0
20180331,182,182.5,179,179.5,1859,178.50◆,177.50◆,186.83□,0,3681□,6663□,8582□,0
20180402,179.5,182.5,179,179.5,2363,178.60◆,178.03◆,186.51□,0,3068□,6399□,8517□,0
20180403,178,178,174.5,175,3145,178.10□,178.50◆,186.11□,0,3121◆,6263□,8492□,0
20180409,176.5,178,172.5,173,3442,177.40□,178.40□,185.68□,0,3380◆,5897□,8487□,0
20180410,174,176,170,170,6200,175.40□,178.30□,185.17□,0,3402◆,5992◆,8507◆,0
20180411,171.5,172,164.5,165.5,8392,172.60□,177.68□,184.62□,0,4709◆,5868□,8587◆,0
20180412,166,168,165,167,3341,170.10□,176.90□,184.04□,0,4904◆,5516□,8494□,0
20180413,168.5,176.5,168,173.5,9279,169.80□,176.63□,183.48□,0,6131◆,5712◆,8431□,0
20180416,175.5,177.5,174,175.5,4459,170.30◆,176.28□,183.08□,0,6334◆,5377□,8360□,0
20180417,175,175.5,168.5,169,4022,170.10□,175.65□,182.69□,0,5899□,5267□,8292□,0
20180418,171,171.5,159,164,11375,169.80□,174.80□,182.21□,0,6495◆,5578◆,8401◆,0
20180419,164,166,161,165.5,4917,169.50□,174.08□,181.73□,0,6811◆,5594◆,8389□,0
20180420,169,182,169,177,24608,170.20◆,173.73□,181.43□,0,9876◆,6348◆,8751◆,0
20180423,178,181,174,175,9405,170.10□,173.48□,181.01□,0,10866◆,6269□,8754◆,0
20180424,177.5,188.5,171.5,186,28238,173.50◆,174.18◆,180.88□,0,15709◆,7315◆,9123◆,0
20180425,180.5,189,180,184.5,16000,177.60◆,174.63◆,180.79□,0,16634◆,7880◆,9254◆,0
20180426,188,191.5,176,176.5,16333,179.80◆,174.50□,180.66□,0,18917◆,8425◆,9351◆,0
20180427,180,181,174,175,10114,179.40□,174.38□,180.33□,0,16018□,8787◆,9191□,0
20180430,176.5,180.5,175,179.5,6232,180.30◆,174.53◆,180.03□,0,15384□,8991◆,8971□,0
20180502,180.5,185,175.5,176,7288,178.30□,174.33□,179.56□,0,11194□,9051◆,8876□,0
20180503,176,178.5,170,170,8761,175.40□,173.85□,179.02□,0,9746□,9396◆,8752□,0
20180504,166.5,169.5,165.5,168,9124,173.70□,173.28□,178.42□,0,8304□,9734◆,8762◆,0
20180507,170,174,169,171,8033,172.90□,173.08□,177.63□,0,7888□,9978◆,8511□,0
20180508,173,173,169,169.5,4382,170.90□,172.90□,176.89□,0,7518□,10025◆,8243□,0
20180509,170,175.5,169,175,7362,170.70□,173.15◆,176.19□,0,7533◆,10083◆,8207□,0
20180510,179.5,183,179,180,17788,172.70◆,173.88◆,175.68□,0,9338◆,10553◆,8387◆,0
20180511,183,184.5,180.5,182.5,8365,175.60◆,174.65◆,175.36□,0,9186□,10804◆,8351□,0
20180514,187.5,189,183.5,185.5,10376,178.50◆,175.25◆,175.28□,0,9655◆,10859◆,8352◆,0
20180515,187,193.5,185,186,17782,181.80◆,175.78◆,175.53◆,0,12335◆,11525◆,8347□,0
20180516,184,188,181,187,8647,184.20◆,176.68◆,175.78◆,0,12592◆,11757◆,8333□,0
20180517,198,201,195.5,196,25175,187.40◆,178.28◆,176.23◆,0,14069◆,12447◆,8614◆,0
20180518,196,196.5,191.5,192,8610,189.30◆,179.60◆,176.65◆,0,14118◆,12631◆,8572□,0
20180521,195,200.5,195,196.5,10896,191.50◆,180.58◆,177.21◆,0,14222◆,11946□,8676◆,0
20180522,196.5,199,195,195.5,5288,193.40◆,181.60◆,177.48◆,0,11723□,11740□,8564□,0
20180523,196.5,197.5,189.5,191.5,6291,194.30◆,181.88◆,177.73◆,0,11252□,10642□,8494□,0
20180524,193,195.5,190.5,195.5,5391,194.20□,182.43◆,178.03◆,0,7295□,10112□,8441□,0
20180525,196,198.5,194,194.5,4906,194.70◆,183.33◆,178.31◆,0,6555□,9541□,8396□,0
20180528,197,200.5,194.5,200,6617,195.40◆,184.58◆,178.67◆,0,5699□,9366□,8341□,0
20180529,202,206,199,199,14676,196.10◆,185.55◆,179.03◆,0,7576◆,9788◆,8493◆,0
20180530,196.5,198.5,195.5,196,5000,197.00◆,186.55◆,179.35◆,0,7318□,9674□,8499◆,0
20180531,198.5,199,191,191.5,5608,196.20□,187.63◆,179.66◆,0,7362◆,9516□,8525◆,0
20180601,191,196.5,191,195,3634,196.30◆,188.98◆,180.09◆,0,7107□,9241□,8458□,0
20180604,198,201.5,197.5,200,7085,196.3,190.43◆,180.67◆,0,7201◆,9194□,8479◆,0
20180605,201.5,201.5,198,198.5,4778,196.20□,191.88◆,181.06◆,0,5221□,9214◆,8379□,0
20180606,203,218,203,218,24016,200.60◆,194.03◆,181.83◆,0,9024◆,10047◆,8707◆,0
20180607,220,227.5,217,221.5,24588,206.60◆,196.10◆,182.55◆,0,12820◆,10387◆,8936◆,0
20180608,223,226,218.5,219,9350,211.40◆,197.93◆,183.16◆,0,13964◆,10436◆,8919□,0
20180611,221.5,224,216.5,218,7206,215.00◆,199.55◆,183.81◆,0,13988◆,10277□,8950◆,0
20180612,217.5,218,209.5,210,9112,217.30◆,200.75◆,184.27◆,0,14855◆,9844□,8915□,0
20180613,212,216.5,210.5,214,6795,216.50□,202.10◆,184.81◆,0,11410□,9751□,8925◆,0
20180614,215.5,221.5,214,214,8571,215.00□,203.00◆,185.36◆,0,8207□,8921□,8982◆,0
20180615,214.5,217,212.5,216.5,3947,214.50□,204.23◆,185.97◆,0,7126□,8688□,8971□,0
20180619,216,218.5,209.5,210,6471,212.90□,204.90◆,186.40◆,0,6979□,8467□,8920□,0
20180620,212,213,205,206,10053,212.10□,205.43◆,186.83◆,0,7168◆,8705◆,8905□,0
20180621,199.5,203.5,197.5,199,6154,209.10□,205.80◆,187.28◆,0,7039□,8698□,8885□,0
20180622,196.5,197,192,194,4035,205.10□,205.73□,187.59◆,0,6132□,8630□,8874□,0
20180625,194.5,198,194.5,194.5,2804,200.70□,205.73,187.85◆,0,5904□,8525□,8830□,0
20180626,192.5,193.5,187.5,189,5188,196.50□,205.18□,188.04◆,0,5647□,8454□,8869◆,0
20180627,192,197,192,194.5,5056,194.20□,204.95□,188.34◆,0,4648□,7973□,8917◆,0
20180628,194.5,197,192,192.5,4923,192.90□,204.78□,188.55◆,187.82,4401□,7969□,8898□,8784
20180629,194.5,198,193,198,5951,193.70◆,205.10◆,188.86◆,187.85◆,4785◆,7986◆,8966◆,8774□
20180702,197.5,199.5,191,191.5,5428,193.10□,204.93□,189.06◆,187.78□,5309◆,8076◆,9017◆,8767□
20180703,192.5,194,184,185,5574,192.30□,204.18□,189.23◆,187.67□,5387◆,8000□,9057◆,8775◆
20180704,187,190.5,185.5,187.5,4005,190.90□,203.63□,189.47◆,187.58□,5176□,7961□,9067◆,8777◆
20180705,188,188.5,170.5,172.5,9634,186.90□,201.35□,189.51◆,187.34□,6119◆,7242□,9124◆,8815◆
20180706,177,178,168,175,9977,182.30□,199.03□,189.67◆,187.14□,6924◆,6512□,9151◆,8869◆
20180709,174,174.5,172,174,5627,178.80□,196.78□,189.78◆,186.91□,6964◆,6326□,9189◆,8842□
20180710,177,177.5,173.5,176,3058,177.00□,194.68□,189.83◆,186.66□,6460□,6118□,9085□,8758□
20180711,173.5,175.5,171.5,172,3399,173.90□,192.78□,189.77□,186.42□,6339□,5833□,9067□,8714□
20180712,172,182.5,172,182.5,6127,175.90◆,191.20□,189.99◆,186.34□,5638□,5799□,9102◆,8697□
20180713,185.5,189,183.5,189,7151,178.70◆,189.95□,190.41◆,186.31□,5073□,5728□,9032□,8716◆
20180716,192.5,196,192,193.5,9461,182.60◆,188.80□,190.88◆,186.30□,5839◆,6004◆,9108◆,8748◆
20180717,198,199,194,195,9353,186.40◆,188.05□,191.18◆,186.3,7098◆,6148◆,8853□,8802◆
20180718,196,204.5,196,204,15649,192.80◆,187.95□,191.66◆,186.33◆,9548◆,6428◆,8957◆,8856◆
20180719,205,209.5,201,203,12450,196.90◆,188.15◆,191.94◆,186.41◆,10813◆,6743◆,8694□,8909◆
20180720,205.5,207,200.5,202.5,6308,199.60◆,188.58◆,192.24◆,186.52◆,10644□,6856◆,8533□,8893□
20180723,202.5,202.5,190,193.5,9906,199.6,188.53□,192.53◆,186.59◆,10733◆,7211◆,8426□,8888□
20180724,192,197.5,190.5,196.5,6971,199.90◆,188.90◆,192.88◆,186.61◆,10257□,7301◆,8373□,8782□
20180725,194.5,199.5,194,198,3801,198.70□,189.08◆,193.19◆,186.61◆,7887□,7238□,8333□,8652□
20180726,199,200.5,196,196,3217,197.30□,189.25◆,193.53◆,186.54□,6041□,7152□,8265□,8570□
20180727,194.5,201.5,190.5,200,8481,196.80□,189.35◆,194.03◆,186.52□,6475◆,7279◆,8260□,8506□
20180730,198.5,201,196.5,199,4223,197.90◆,189.73◆,194.54◆,186.48□,5339□,7219□,8179□,8470□
20180731,202.5,215.5,202.5,207.5,20978,200.10◆,190.85◆,195.15◆,186.39□,8140◆,7989◆,8394◆,8452□
20180801,208.5,215,208.5,212,12702,202.90◆,192.08◆,195.86◆,186.38□,9920◆,8424◆,8533◆,8388□
20180802,213,213.5,205,206,6731,204.90◆,193.75◆,196.38◆,186.28□,10623◆,8279□,8523□,8365□
20180803,209,213,208.5,209,6082,206.70◆,195.45◆,196.86◆,186.27□,10143□,8084□,8327□,8357□
20180806,211.5,216,210.5,211,10185,209.10◆,197.30◆,197.33◆,186.35◆,11336◆,8312◆,8358◆,8355□
20180807,205,208,202,202.5,11024,208.10□,198.63◆,197.62◆,186.45◆,9345□,8710◆,8369◆,8360◆
20180808,201.5,204.5,201,201,6833,205.90□,200.08◆,197.87◆,186.70◆,8171□,8882◆,8186□,8266□
20180809,200,203.5,197,203.5,6330,205.40□,201.13◆,198.14◆,186.96◆,8091□,8892◆,8147□,8240□
20180810,202.5,203.5,200,200,3465,203.60□,201.68◆,198.21◆,187.22◆,7568□,8708□,7786□,8200□
20180813,200,201,183,188,11652,199.00□,201.40□,198.14□,187.40◆,7861◆,8817◆,7836◆,8204◆
20180814,191,196.5,189,196,6123,197.70□,201.45◆,198.13□,187.67◆,6881□,8656□,7757□,8217◆
20180815,195.5,195.5,188,190,5472,195.50□,200.75□,198.04□,187.76◆,6609□,8147□,7760◆,8162□
20180816,187,193,183,190,4955,192.80□,200.10□,198.02□,187.87◆,6334□,7772□,7738□,8116□
20180817,193,194.5,187,187,3078,190.20□,199.33□,197.88□,187.95◆,6256□,7611□,7699□,8070□
20180820,188.5,190.5,185.5,187,2739,190.00□,199.00□,197.75□,188.03◆,4474□,7252□,7663□,8029□
20180821,187.5,191.5,187.5,191.5,2744,189.10□,198.75□,197.61□,188.14◆,3798□,7041□,7598□,7970□
20180822,195,196.5,193,193.5,5689,189.80◆,198.53□,197.52□,188.27◆,3841◆,7135◆,7449□,7971◆
20180823,193.5,194.5,192,192,2011,190.20◆,198.33□,197.45□,188.40◆,3252□,7075□,7399□,7949□
20180824,191,193.5,188.5,192,2240,191.20◆,197.93□,197.46◆,188.56◆,3085□,6763□,7343□,7934□
20180827,194.5,198.5,193.5,198,4840,193.40◆,197.88□,197.51◆,188.80◆,3505◆,6794◆,7363◆,7910□
20180828,203,206,200.5,200.5,8855,195.20◆,197.53□,197.52◆,189.09◆,4727◆,6188□,7392◆,7935◆
20180829,204,205,199.5,201.5,6337,196.80◆,197.00□,197.57◆,189.31◆,4857◆,5869□,7418◆,7899□
20180830,201.5,202.5,199,201.5,4692,198.70◆,196.78□,197.29□,189.56◆,5393◆,5767□,7096□,7902◆
20180831,197,198.5,190,190.5,20829,198.40□,195.85□,196.78□,189.66◆,9111◆,6505◆,7033□,7985◆
20180903,178,182.5,171.5,171.5,14459,193.10□,193.88□,195.98□,189.57□,11035◆,6718◆,7119◆,8019◆
20180904,167.5,169,157.5,166.5,24822,186.30□,192.08□,195.13□,189.47□,14228◆,7408◆,7412◆,8181◆
20180905,168.5,170,166,168,12454,179.60□,190.43□,194.43□,189.35□,15451◆,7689◆,7468◆,8192◆
20180906,161,162.5,151.5,151.5,23256,169.60□,187.83□,193.38□,189.10□,19164◆,8536◆,7742◆,8334◆
20180907,149,154,145,146.5,18924,160.80□,185.15□,192.26□,188.81□,18783□,9309◆,7915◆,8448◆
20180910,148.5,151.5,139,139,12578,154.30□,182.70□,190.97□,188.47□,18407□,9355◆,8059◆,8515◆
20180911,141,144,137.5,142.5,8024,149.50□,180.03□,189.84□,188.12□,15047□,9450◆,8085◆,8502□
20180912,143,143,136.5,140,6571,143.90□,177.53□,188.74□,187.79□,13871□,9505◆,8027□,8466□
20180913,141,141.5,135.5,135.5,8202,140.70□,174.80□,187.68□,187.48□,10860□,9667◆,8061◆,8473◆
20180914,138,143,136.5,143,6837,140.00□,172.60□,186.83□,187.21□,8443□,9855◆,8107◆,8491◆
20180917,141,142.5,139,140.5,3490,140.30◆,170.28□,185.93□,186.89□,6625□,9893◆,8119◆,8474□
20180918,139.5,139.5,130.5,131.5,9837,138.10□,167.28□,184.98□,186.51□,6988◆,10247◆,8196◆,8532◆
20180919,134,136,131.5,131.5,6673,136.40□,164.18□,183.93□,186.13□,7008◆,10297◆,8223◆,8570◆
20180920,132,133,121.5,123.5,23437,134.00□,160.75□,182.78□,185.66□,10055◆,11368◆,8532◆,8715◆
20180921,126.5,129,126,129,10332,131.20□,157.60□,181.63□,185.24□,10754◆,11773◆,8605◆,8785◆
20180925,127,129.5,123.5,129,7329,128.90□,154.15□,180.58□,184.82□,11522◆,11897◆,8636◆,8827◆
20180926,130,134.5,128,128,10211,128.20□,150.53□,179.63□,184.43□,11597◆,11965◆,8714◆,8886◆
20180927,127,129,125.5,126.5,4856,127.20□,146.78□,178.62□,184.04□,11233□,11891□,8728◆,8897◆
20180928,129,131.5,127.5,129,5466,128.30◆,143.15□,177.89□,183.70□,7639□,11929◆,8658□,8891□
20181001,132.5,135.5,131.5,135.5,9247,129.60◆,140.40□,177.23□,183.45□,7422□,11350□,8646□,8898◆
20181002,137,139,132.5,134,9044,130.60◆,138.53□,176.57□,183.18□,7765◆,11080□,8703◆,8946◆
20181003,134.5,136.5,130,132,5772,131.40◆,136.80□,175.83□,182.83□,6877□,10127□,8749◆,8917□
20181004,132,134,131,134,3824,132.90◆,135.10□,175.20□,182.48□,6671□,9696□,8756◆,8911□
20181005,133,133,122,127,9084,132.50□,133.88□,174.28□,182.13□,7394◆,8987□,8805◆,8954◆
20181008,128.5,133,126.5,129,9497,131.20□,133.00□,173.28□,181.84□,7444◆,8516□,8844◆,8938□
20181009,128.5,129,116.5,116.5,20033,127.70□,131.88□,171.99□,181.43□,9642◆,8888◆,9020◆,9064◆
20181011,105,106.5,105,105,3605,122.30□,130.00□,170.49□,180.83□,9209□,8667□,8924□,8889□
20181012,104.5,111.5,103,110.5,13870,117.60□,128.53□,168.93□,180.30□,11218◆,9032◆,8895□,8926◆
20181015,108,114,107.5,114,7056,115.00□,127.45□,167.45□,179.70□,10812□,8975□,8805□,8750□
20181016,113,117,110.5,111.5,6757,111.50□,125.88□,165.93□,179.09□,10264□,8971□,8812◆,8673□
20181017,114.5,115.5,110,111.5,7081,110.50□,124.43□,164.57□,178.55□,7674□,9151◆,8765□,8595□
20181018,112.5,116,111,111,5354,111.70◆,123.40□,163.14□,178.01□,8024◆,8927□,8738□,8556□
20181019,108,112,106,112,5580,112.00◆,122.43□,161.71□,177.45□,6366□,8872□,8768◆,8550□
20181022,112,118.5,112,118,9191,112.80◆,122.15□,160.41□,176.97□,6793◆,8160□,8867◆,8566◆
20181023,114,116.5,112,112,6779,112.90◆,121.30□,158.94□,176.48□,6797◆,7982□,8839□,8550□
20181024,113,113.5,104,104,11566,111.40□,120.05□,157.36□,175.95□,7694◆,8194◆,8962◆,8570◆
20181025,95.4,99.2,94.3,94.4,10836,108.08□,118.37□,155.47□,175.31□,8791◆,8225◆,8792□,8593◆
20181026,97.1,97.9,91.6,93.6,8384,104.40□,116.73□,153.50□,174.68□,9351◆,8401◆,8721□,8627◆
20181029,96.5,97.3,93.6,96,4439,100.00□,115.08□,151.67□,174.02□,8401□,8350□,8682□,8602□
20181030,96.4,97.4,95.1,96.5,3303,96.90□,113.13□,149.79□,173.33□,7706□,8053□,8636□,8482□
20181031,98.1,103.5,98,102.5,6902,96.60□,111.55□,147.98□,172.66□,6773□,7946□,8581□,8470□
20181101,103,109,102,106.5,9095,99.02◆,110.28□,146.38□,172.00□,6425□,8112◆,8549□,8459□
20181102,104.5,105.5,101,103.5,10698,101.00◆,108.75□,144.76□,171.31□,6888◆,8456◆,8614◆,8400□
20181105,101,102.5,99.5,101,5280,102.00◆,107.45□,143.05□,170.60□,7056◆,8265□,8596□,8372□
20181106,102,107.5,100,100,12216,102.70◆,106.00□,141.38□,169.80□,8838◆,8401◆,8742◆,8264□
20181107,102,103.5,100,103,6602,102.80◆,105.33□,139.97□,169.06□,8778□,7730□,8658□,8247□
20181108,105,105.5,98.2,98.2,8093,101.14□,104.99□,138.34□,168.24□,8578□,7954◆,8691◆,8224□
20181109,97.7,99.8,96.5,98.8,5937,100.20□,104.40□,136.82□,167.43□,7626□,7558□,8698◆,8229◆
20181112,97.4,98.3,93.7,94.6,7665,98.92□,103.43□,135.23□,166.62□,8103◆,7588◆,8743◆,8241◆
20181113,90,92.8,86.5,92.8,7685,97.48□,102.50□,133.66□,165.77□,7197□,7634◆,8820◆,8260◆
20181114,92,95.5,90.2,90.2,8710,94.92□,101.43□,132.04□,164.90□,7618◆,7716◆,8920◆,8291◆
20181115,90.6,91.7,88.5,91.7,5663,93.62□,100.47□,130.38□,164.00□,7132□,7731◆,8968◆,8283□
20181116,92.1,92.8,90.2,90.2,4517,91.90□,99.38□,128.66□,163.09□,6848□,7678□,8949□,8199□
20181119,90.5,93.7,90.4,93.3,4329,91.64□,98.14□,127.01□,162.23□,6181□,7435□,8988◆,8193□
20181120,89,94.2,88.8,93.6,12259,91.80◆,97.22□,125.37□,161.42□,7096◆,7709◆,9155◆,8249◆
20181121,92.8,94.1,92.3,93.8,4498,92.52◆,96.71□,123.64□,160.57□,6253□,7356□,9149□,8256◆
20181122,94,96.8,91.3,91.4,6170,92.46□,96.56□,121.82□,159.67□,6355◆,7122□,9104□,8248□
20181123,92.6,92.6,89.4,89.7,3951,92.36□,96.37□,119.96□,158.76□,6242□,6901□,9064□,8241□
20181126,91,91.6,87.4,88.6,7512,91.42□,96.00□,118.07□,157.68□,6878◆,7054◆,9111◆,8104□
20181127,90.4,92,89.6,91.8,7192,91.06□,95.76□,116.43□,156.60□,5865□,7249◆,8884□,7959□
20181128,92.4,96.7,92.3,95.7,8477,91.44◆,95.42□,115.17□,155.58□,6661◆,7328◆,8784□,7951□
20181129,98.5,98.5,96.9,96.9,6643,92.54◆,94.94□,114.01□,154.57□,6755◆,7205□,8481□,7947□
20181130,97.7,106.5,97.2,103,34094,95.20◆,94.92□,112.92□,153.67□,12784◆,8375◆,8842◆,8155◆
20181203,105,110.5,104.5,109,19429,99.28◆,95.32◆,112.21□,152.80□,15167◆,9082◆,8778□,8260◆
20181204,108,109.5,106,107,8298,102.32◆,95.67◆,111.56□,151.91□,15388◆,8886□,8601□,8258□
20181205,103.5,105.5,102.5,104,6497,103.98◆,95.72◆,110.97□,150.97□,14992□,8881□,8500□,8279◆
20181206,102.5,104,95.5,96.7,10077,103.94□,95.64□,110.21□,150.03□,15679◆,8980◆,8534◆,8309◆
20181207,98,99.2,95.9,97.7,4665,102.88□,95.59□,109.50□,149.12□,9793□,8917□,8502□,8264□
20181210,95,96.6,91.1,92.2,5424,99.52□,95.47□,108.78□,148.23□,6992□,8805□,8456□,8258□
20181211,93,94.4,92.8,93.6,2453,96.84□,95.51◆,107.96□,147.40□,5823□,8543□,8383□,8245□
20181212,96,97.4,95.6,97.1,3820,95.46□,95.85◆,107.24□,146.59□,5288□,8299□,8388◆,8254◆
20181213,97.5,97.6,94.5,95.1,3352,95.14□,96.02◆,106.63□,145.80□,3943□,8183□,8280□,8238□
20181214,94.8,95.2,93.2,94.4,2653,94.48□,96.23◆,106.01□,144.97□,3541□,8090□,8213□,8218□
20181217,94.4,95.6,93.5,94.7,1361,94.98◆,96.30◆,105.53□,144.15□,2728□,7941□,7845□,8189□
20181218,94.7,96.1,93.7,96.1,3101,95.48◆,96.43◆,104.98□,143.30□,2858◆,7483□,7725□,8165□
20181219,98,98.2,94.2,94.2,4345,94.90□,96.45◆,104.40□,142.49□,2963◆,7476□,7675□,8156□
20181220,93.6,94.3,90.7,91.2,3863,94.12□,96.44□,103.79□,141.71□,3065◆,7360□,7569□,8142□
20181221,91,92.2,89,92.2,3224,93.68□,96.56◆,103.22□,140.92□,3179◆,7324□,7542□,8135□
20181222,92.1,92.1,91,91.4,875,93.02□,96.70◆,102.59□,140.24□,3082□,6992□,7466□,8062□
20181224,91.4,93.2,91.2,93.2,1221,92.44□,96.77◆,101.89□,139.56□,2706□,6694□,7332□,7989□
20181225,91.4,91.5,89.3,90.3,2438,91.66□,96.50□,101.16□,138.86□,2324□,6392□,7222□,7962□
20181226,91.3,92.3,89.4,89.5,1575,91.32□,96.13□,100.45□,138.14□,1867□,6138□,7152□,7950□
20181227,92.2,92.4,90.5,90.5,1630,90.98□,95.51□,99.72□,137.46□,1548□,4515□,7115□,7935□
20181228,90.7,91.3,89.7,90,1475,90.70□,94.56□,99.11□,136.69□,1668◆,3617□,6988□,7897□
20190102,91,91.1,89,89.3,1353,89.92□,93.67□,98.45□,135.86□,1694◆,3270□,6853□,7848□
20190103,89.5,89.5,86.2,86.2,4480,89.10□,92.78□,97.94□,134.97□,2103◆,3169□,6593□,7807□
20190104,84.5,86.2,82.1,85.6,4209,88.32□,92.23□,97.62□,134.06□,2630◆,2876□,6603◆,7764□
20190107,93.1,94.1,92.2,94.1,3708,89.04◆,92.05□,97.34□,133.14□,3045◆,2828□,6434□,7664□
20190108,93,93.8,92.4,92.5,6841,89.54◆,92.06◆,96.99□,132.22□,4118◆,2899◆,6431□,7618□
20190109,93.6,96.5,93.6,94.8,8111,90.64◆,92.12◆,96.71□,131.32□,5470◆,3182◆,6453◆,7633◆
20190110,95,96.2,94.5,94.8,2955,92.36◆,92.01□,96.43□,130.50□,5165□,3139□,6384□,7575□
20190111,95.8,98.6,95.3,97,7757,94.64◆,92.10◆,96.20□,129.67□,5875◆,3359◆,6424◆,7581◆
20190114,98.5,99.7,96.1,96.4,6650,95.10◆,92.20◆,95.94□,128.82□,6463◆,3559◆,6442◆,7605◆
20190115,96.6,98.8,96.6,98.5,4053,96.30◆,92.39◆,95.61□,128.01□,5905□,3693◆,6357□,7612◆
20190116,99,99.4,96.7,96.7,3264,96.68◆,92.42◆,95.36□,127.15□,4936□,3701◆,6298□,7569□
20190117,96.5,97.4,94,94.4,5044,96.60□,92.43◆,95.20□,126.28□,5354◆,3736◆,6189□,7575◆
20190118,95,96.4,94.6,96.1,2770,96.42□,92.68◆,95.22◆,125.35□,4356□,3682□,6055□,7424□
20190121,97.9,98.1,96.7,97.9,2517,96.72◆,92.96◆,95.30◆,124.40□,3530□,3646□,5957□,7339□
20190122,97.9,97.9,95.5,95.8,1606,96.18□,93.18◆,95.29□,123.48□,3040□,3683◆,5910□,7296□
20190123,95.1,97.9,95,97.1,2172,96.26◆,93.38◆,95.30◆,122.55□,2822□,3731◆,5891□,7263□
20190124,97.1,97.8,96.4,97.6,2467,96.90◆,93.74◆,95.22□,121.60□,2307□,3732◆,5817□,7199□
20190125,98.6,99.6,97.8,97.8,3480,97.24◆,94.16◆,95.08□,120.73□,2449◆,3827◆,5724□,7136□
20190128,99.6,106.5,99.1,103.5,13888,98.36◆,94.81◆,95.08,119.92□,4723◆,4440◆,5777◆,7195◆
20190129,102.5,107,102,106.5,10270,100.50◆,95.63◆,95.17◆,119.11□,6456◆,4880◆,5860◆,7228◆
20190130,108,110.5,104.5,104.5,16235,101.98◆,96.39◆,95.24◆,118.31□,9268◆,5624◆,5927◆,7334◆
20190211,108,108,105.5,106,4894,103.66◆,97.38◆,95.29◆,117.63□,9754◆,5645◆,5898□,7278□
20190212,106.5,112,106,111,8179,106.30◆,98.65◆,95.51◆,116.92□,10693◆,5843◆,5900◆,7295◆
20190213,108,109,106,106,7542,106.80◆,99.25◆,95.63◆,116.22□,9424□,6035◆,5927◆,7312◆
20190214,107,108.5,106,107.5,4536,107.00◆,100.00◆,95.84◆,115.53□,8277□,5920□,5874□,7309□
20190215,107.5,108,103.5,104,3717,106.90□,100.46◆,96.03◆,114.84□,5774□,5700□,5808□,7314◆
20190218,105.5,107.5,105.5,106.5,3036,107.00◆,101.04◆,96.30◆,114.17□,5402□,5704◆,5714□,7317◆
20190219,106.5,109.5,106,108.5,4393,106.50□,101.62◆,96.58◆,113.48□,4645□,5536□,5693□,7330◆
20190220,110,111,108,108.5,4972,107.00◆,102.22◆,96.88◆,112.77□,4131□,5452□,5700◆,7324□
20190221,111,118.5,111,114,17269,108.30◆,103.00◆,97.23◆,112.12□,6678◆,6113◆,5916◆,7452◆
20190222,113.5,115,112,113.5,4264,110.20◆,103.84◆,97.56◆,111.47□,6787◆,6163◆,5783□,7469◆
20190225,115.5,117,114,115,5167,111.90◆,104.87◆,97.91◆,110.78□,7213◆,6169◆,5794◆,7471◆
20190226,115.5,117,110,110,6587,112.20◆,105.56◆,98.22◆,110.02□,7652◆,6360◆,5801◆,7452□
20190227,110,110.5,105.5,107.5,4862,112.00□,106.04◆,98.52◆,109.24□,7630□,6477◆,5816◆,7440□
20190304,108,109,107,108.5,1892,110.90□,106.68◆,98.85◆,108.46□,4555□,6491◆,5722□,7417□
20190305,108,115.5,107.5,112,13130,110.60□,107.42◆,99.19◆,107.81□,6328◆,7039◆,5821◆,7353□
20190306,112,115,110.5,115,8736,110.6,108.29◆,99.51◆,107.34□,7042◆,7353◆,5825◆,7305□
20190307,114.5,118.5,110.5,111.5,13922,110.90◆,108.98◆,99.75◆,106.88□,8509◆,7875◆,5947◆,7214□
20190308,113,122.5,111.5,121,32355,113.60◆,109.85◆,100.05◆,106.49□,14007◆,8798◆,5918□,7380◆
20190311,120,124,119,123.5,26306,116.60◆,110.70◆,100.30◆,106.26□,18890◆,9600◆,6032◆,7405◆
20190312,126.5,126.5,120.5,120.5,15210,118.30◆,111.50◆,100.52◆,106.04□,19306◆,9549□,6148◆,7374□
20190313,121.5,123,118.5,121.5,9901,119.60◆,112.28◆,100.81◆,105.89□,19539◆,9799◆,6204◆,7352□
20190314,121,122,119.5,122,6558,121.70◆,112.83◆,101.23◆,105.72□,18066□,9718□,6146□,7340□
20190315,123,124.5,119.5,119.5,10572,121.40□,113.50◆,101.60◆,105.55□,13710□,9869◆,6244◆,7373◆
20190318,121.5,124,121,122,10395,121.10□,114.23◆,102.09◆,105.44□,10527□,10162◆,6327◆,7391◆
20190319,124,127.5,123.5,124.5,16886,121.90◆,115.25◆,102.61◆,105.28□,10863◆,10821◆,6568◆,7475◆
20190320,125,125.5,121,121.5,6311,121.9,116.00◆,103.02◆,105.13□,10145□,10985◆,6609◆,7499◆
20190321,122,123.5,120.5,122,4527,121.9,116.68◆,103.46◆,105.05□,9738□,10991◆,6629◆,7454□
20190322,124,124,118.5,119.5,6734,121.9,117.23◆,103.88◆,104.95□,8971□,11079◆,6697◆,7455◆
20190325,116,118.5,115,116.5,4746,120.80□,117.35◆,104.25◆,104.89□,7841□,10453□,6753◆,7299□
20190326,118,119.5,116.5,118,3151,119.50□,117.58◆,104.61◆,104.80□,5094□,10398□,6754◆,7239□
20190327,118.5,122,118,119.5,4033,119.10□,117.80◆,105.03◆,104.72□,4638□,10341□,6749□,7212□
20190328,119.5,120,115.5,115.5,3551,117.80□,118.08◆,105.44◆,104.61□,4443□,10189□,6743□,7156□
20190329,117,117,114.5,115,3734,116.90□,118.45◆,105.82◆,104.52□,3843□,10133□,6752◆,7147□
20190401,116.5,119.5,116,118.5,6858,117.30◆,118.95◆,106.27◆,104.43□,4266◆,10381◆,6852◆,7159◆
20190402,119.5,120,116.5,117.5,6115,117.20□,119.23◆,106.67◆,104.28□,4858◆,10030□,6933◆,7133□
20190403,117.5,120,117,119,5219,117.10□,119.43◆,107.15◆,104.16□,5096◆,9854□,6980◆,7101□
20190408,120.5,125,120.5,124.5,13949,118.90◆,120.08◆,107.74◆,104.09□,7175◆,9856◆,7186◆,7169◆
20190409,127,128,121.5,121.5,14692,120.20◆,120.10◆,108.25◆,103.99□,9367◆,8973□,7404◆,7259◆
20190410,122,123,119.5,122,5757,120.90◆,120.03□,108.79◆,103.95□,9147□,7945□,7475◆,7232□
20190411,123,125.5,122,122,8382,121.80◆,120.10◆,109.33◆,103.89□,9600◆,7604□,7592◆,7222□
20190412,123,124.5,121,122,4048,122.40◆,120.13◆,109.93◆,103.93◆,9366□,7311□,7585□,7089□
20190415,123.5,125.5,123,123.5,4921,122.20□,120.20◆,110.56◆,104.09◆,7560□,7229□,7597◆,7100◆
20190416,124.5,131,123.5,131,15820,124.10◆,120.78◆,111.17◆,104.26◆,7786◆,7492◆,7799◆,7116◆
20190417,132,132.5,128,129.5,12963,125.60◆,121.15◆,111.79◆,104.39◆,9227◆,7620◆,7901◆,7166◆
20190418,132,133.5,124.5,125,12544,126.20◆,121.18◆,112.29◆,104.50◆,10059◆,7403□,7975◆,7214◆
20190419,127,128.5,123.5,126,6595,127.00◆,121.40◆,112.81◆,104.62◆,10569◆,7417◆,8035◆,7210□
20190422,130,132,129,131.5,12224,128.60◆,121.88◆,113.39◆,104.79◆,12029◆,7802◆,8110◆,7267◆
20190423,132.5,132.5,129.5,131,7244,128.6,122.45◆,113.97◆,104.95◆,10314□,7827◆,8120◆,7281◆
20190424,132,132.5,127.5,128,6063,128.30□,123.03◆,114.46◆,105.03◆,8934□,7893◆,8153◆,7255□
20190425,127,128,125.5,128,3401,128.90◆,123.53◆,114.98◆,105.17◆,7106□,7906◆,8155◆,7227□
20190426,126.5,127,124,124.5,4182,128.60□,123.78◆,115.48◆,105.34◆,6623□,7913◆,8141□,7165□
20190429,125,126,118,118,6089,125.90□,123.90◆,115.85◆,105.54◆,5396□,8040◆,8196◆,7126□
20190430,116,119.5,116,119.5,3695,123.60□,124.13◆,116.21◆,105.75◆,4686□,8038□,8216◆,7086□
20190502,120,122,119.5,121,2456,122.20□,124.25◆,116.63◆,105.96◆,3965□,7818□,8230◆,7070□
20190503,122,123.5,121,122.5,3942,121.10□,124.50◆,117.05◆,106.18◆,4073◆,7709□,8260◆,7075◆
20190506,118,119,116.5,116.5,5395,119.50□,124.38□,117.36◆,106.29◆,4316◆,7718◆,8308◆,7063□
20190507,115.5,118.5,111.5,112,13174,118.30□,123.75□,117.60◆,106.34◆,5733◆,7679□,8470◆,7097◆
20190508,108.5,110,106,107.5,10236,115.90□,123.05□,117.67◆,106.37◆,7041◆,7457□,8409□,7093□
20190509,107,108.5,101,101,8962,111.90□,122.00□,117.58□,106.37,8342◆,7617◆,8387□,7124◆
20190510,102,104.5,97.5,99,8778,107.20□,120.85□,117.48□,106.36□,9309◆,7637◆,8263□,7095□
20190513,98.1,99.9,95.7,95.7,4588,103.04□,119.54□,117.31□,106.30□,9148□,7664◆,8258□,7078□
20190514,93.6,98.4,92.4,97.3,6403,100.10□,118.23□,117.08□,106.30□,7794□,7738◆,8228□,7064□
20190515,98.2,98.9,97.3,97.4,3337,98.08□,116.55□,116.94□,106.28□,6414□,7114□,8158□,7042□
20190516,96.5,97.3,94.4,94.4,3790,96.76□,114.79□,116.72□,106.28□,5379□,6655□,8146□,7010□
20190517,95.9,96.8,94.4,95,3728,95.96□,113.29□,116.57□,106.30◆,4369□,6214□,8146◆,6977□
20190520,96,96.3,93.7,94.1,1777,95.64□,111.70□,116.37□,106.33◆,3807□,5973□,8125□,6919□
20190521,94.1,96.1,92.8,96,2665,95.38□,109.92□,116.16□,106.37◆,3060□,5495□,8096□,6894□
20190522,96.6,97.6,94.2,94.2,2737,94.74□,108.08□,115.92□,106.40◆,2940□,5270□,8059□,6880□
20190523,93.5,93.5,89.8,90,4847,93.86□,106.18□,115.52□,106.37□,3151◆,5209□,7852□,6884◆
20190524,91.5,92.3,91,91.3,2412,93.12□,104.35□,115.15□,106.36□,2888□,5160□,7821□,6802□
20190527,92.4,92.6,91.1,92.6,1425,92.82□,102.75□,114.78□,106.35□,2817□,5022□,7759□,6776□
20190528,92.9,93.3,92,92.8,1419,92.18□,101.49□,114.49□,106.36◆,2568□,4788□,7673□,6737□
20190529,91.9,96.9,91.3,96.6,4591,92.66◆,100.35□,114.31□,106.41◆,2939◆,4833◆,7668□,6742◆
20190530,98,102.5,98,100.5,12628,94.76◆,99.32□,114.17□,106.51◆,4495◆,5342◆,7847◆,6785◆
20190531,100,101.5,99.1,100,5960,96.50◆,98.20□,113.97□,106.58◆,5205◆,5443◆,7727□,6774□
20190603,99.8,99.8,97.7,99,3270,97.78◆,97.32□,113.71□,106.61◆,5574◆,5336□,7636□,6731□
20190604,99.3,101,99.2,99.5,2523,99.12◆,96.70□,113.51□,106.63◆,5795◆,4804□,7446□,6697□
20190605,102,103,99.3,99.3,3514,99.66◆,96.29□,113.15□,106.60□,5579□,4468□,6966□,6442□
20190606,98.3,100,98,98.1,3160,99.18□,96.14□,112.72□,106.51□,3686□,4178□,6580□,6306□
20190610,99.5,100.5,99,99.4,2319,99.06□,96.16◆,112.37□,106.45□,2957□,3855□,6365□,6256□
20190611,100.5,104.5,100,102.5,7641,99.76◆,96.50◆,112.05□,106.43□,3832◆,4007◆,6327□,6266◆
20190612,103,104.5,101.5,102.5,3098,100.36◆,96.76◆,111.73□,106.48◆,3947◆,3842□,6270□,6208□
20190613,102.5,103.5,101,101,2693,100.70◆,96.94◆,111.42□,106.51◆,3782□,3810□,6138□,6191□
20190614,102,103,101,102.5,2294,101.58◆,97.35◆,111.10□,106.60◆,3609□,3735□,6003□,6165□
20190617,103,104,102,103,2715,102.30◆,97.75◆,110.74□,106.67◆,3688◆,3685□,5767□,6167◆
20190618,104,105,102,102.5,3352,102.3,98.17◆,110.42□,106.72◆,2831□,3763◆,5718□,6163□
20190619,100,102,100,101,4498,102.00□,98.42◆,110.07□,106.77◆,3111◆,3855◆,5717□,6173◆
20190620,101.5,104,101.5,104,3354,102.60◆,98.91◆,109.81□,106.85◆,3243◆,3886◆,5661□,6179◆
20190621,104.5,105,102,103,3341,102.70◆,99.56◆,109.59□,106.92◆,3452◆,3810□,5638□,6195◆
20190624,103,106,102,104.5,4135,103.00◆,100.22◆,109.36□,106.99◆,3736◆,3897◆,5654◆,6204◆
20190625,105,105.5,102,102.5,2146,103,100.71◆,109.08□,107.06◆,3495□,3933◆,5623□,6186□
20190626,103,103.5,102,102.5,1183,103.30◆,101.20◆,108.86□,107.15◆,2832□,3921□,5583□,6163□
20190627,103.5,104,102.5,102.5,1983,103.00□,101.49◆,108.65□,107.24◆,2558□,3790□,5554□,6153□
20190628,103.5,103.5,101.5,101.5,1807,102.70□,101.54◆,108.37□,107.32◆,2251□,3249□,5470□,6161◆
20190701,104.5,105.5,103.5,104,4129,102.60□,101.74◆,108.15□,107.41◆,2250□,3158□,5437□,6185◆
20190702,105,113,104.5,110.5,17895,104.20◆,102.32◆,108.00□,107.58◆,5400◆,3889◆,5648◆,6314◆
20190703,111.5,112.5,108.5,108.5,10240,105.40◆,102.77◆,107.74□,107.74◆,7211◆,4275◆,5586□,6386◆
20190704,110,113,110,110,6855,106.90◆,103.30◆,107.55□,107.90◆,8185◆,4442◆,5455□,6430◆
20190705,111,111.5,108.5,110.5,2507,108.70◆,103.92◆,107.35□,108.07◆,8325◆,4409□,5401□,6438◆
20190708,110.5,111,107.5,108,3340,109.50◆,104.35◆,107.12□,108.23◆,8168□,4460◆,5317□,6455◆
20190709,108,108.5,105.5,105.5,2766,108.50□,104.50◆,106.85□,108.39◆,5142□,4217□,5296□,6440□
20190710,106.5,107,105.5,107,2209,108.20□,104.73◆,106.57□,108.57◆,3536□,4172□,5251□,6424□
20190711,108.5,111,108.5,109.5,4163,108.10□,105.15◆,106.21□,108.69◆,2997□,4246◆,5056□,6428◆
20190712,109,109.5,107.5,107.5,1713,107.50□,105.40◆,105.85□,108.82◆,2838□,4217□,4869□,6385□
20190715,108.5,110,108,109.5,1997,107.80◆,105.73◆,105.59□,108.94◆,2570□,4181□,4693□,6334□
20190716,110.5,112.5,110,111,5596,108.90◆,106.15◆,105.34□,109.08◆,3136◆,4293◆,4677□,6356◆
20190717,111,112.5,110,112,3400,109.90◆,106.70◆,105.01□,109.20◆,3374◆,4238□,4529□,6320□
20190718,111.5,113.5,108.5,108.5,6434,109.70□,106.93◆,104.64□,109.30◆,3828◆,4392◆,4516□,6318□
20190719,110,110,107,107.5,3153,109.7,107.15◆,104.30□,109.38◆,4116◆,4383□,4467□,6310□
20190722,108,108,105,105.5,3680,108.90□,107.20◆,103.92□,109.45◆,4453◆,4360□,4472◆,6314◆
20190723,106,108.5,106,107,3127,108.10□,107.43◆,103.63□,109.56◆,3959□,4409◆,4455□,6298□
20190724,108,111,107.5,110.5,3900,107.80□,107.83◆,103.50□,109.68◆,4059◆,4545◆,4418□,6307◆
20190725,111,111.5,109.5,111,3880,108.30◆,108.25◆,103.36□,109.78◆,3548□,4640◆,4421◆,6318◆
20190726,112,114,111,112.5,6273,109.30◆,108.80◆,103.22□,109.92◆,4172◆,4863◆,4485◆,6357◆
20190729,113,113.5,111,112,2785,110.60◆,109.20◆,103.05□,110.05◆,3993□,4796□,4465□,6362◆
20190730,113,113.5,108.5,108.5,4776,110.90◆,109.10□,102.91□,110.14◆,4323◆,4140□,4455□,6382◆
20190731,109.5,116.5,108.5,116,11968,112.00◆,109.48◆,102.98◆,110.29◆,5937◆,4226◆,4435□,6452◆
20190801,115,118,113.5,114,12580,112.60◆,109.68◆,103.09◆,110.38◆,7677◆,4512◆,4474◆,6442□
20190802,109.5,111,107,107,10636,111.50□,109.50□,103.19◆,110.38◆,8549◆,4919◆,4502◆,6445◆
20190805,106,111,106,110.5,9055,111.20□,109.63◆,103.38◆,110.43◆,9803◆,5205◆,4507◆,6385□
20190806,108,109.5,105.5,108,16164,111.10□,109.75◆,103.58◆,110.45◆,12081◆,5875◆,4700◆,6479◆
20190807,109.5,110.5,105.5,105.5,8818,109.00□,109.68□,103.72◆,110.40□,11451□,6205◆,4740◆,6484◆
20190808,107,109,106.5,108.5,4910,107.90□,109.63□,103.91◆,110.42◆,9917□,6242◆,4766◆,6462□
20190812,109,114,108.5,112.5,11515,109.00◆,109.88◆,104.21◆,110.47◆,10093◆,6732◆,4895◆,6520◆
20190813,112,114.5,111.5,113,10412,109.50◆,110.05◆,104.51◆,110.54◆,10364◆,7153◆,5006◆,6576◆
20190814,117.5,118.5,114,115.5,11432,111.00◆,110.28◆,104.86◆,110.62◆,9418□,7445◆,5167◆,6646◆
20190815,113,116.5,112.5,116.5,7128,113.20◆,110.50◆,105.21◆,110.68◆,9080□,7631◆,5241◆,6669◆
20190816,117.5,118,115,115.5,6047,114.60◆,110.85◆,105.56◆,110.74◆,9307◆,7612□,5297◆,6678◆
20190819,116.5,118,115.5,117.5,6971,115.60◆,111.35◆,106.02◆,110.77◆,8398□,7803◆,5332◆,6592□
20190820,119,119.5,114.5,115,6930,116.00◆,111.83◆,106.41◆,110.78◆,7702□,7965◆,5407◆,6614◆
20190821,115.5,117,114.5,117,4365,116.30◆,112.33◆,106.82◆,110.80◆,6288□,8027◆,5456◆,6607□
20190822,118,118.5,115,115,4378,116.00□,112.55◆,107.19◆,110.84◆,5738□,8051◆,5506◆,6589□
20190823,116,117,114,115.5,4685,116,112.78◆,107.51◆,110.91◆,5466□,8092◆,5507◆,6588□
20190826,113,113.5,111.5,111.5,4435,114.80□,112.73□,107.69◆,110.93◆,4959□,8000□,5371□,6609◆
20190827,112.5,114.5,112.5,113,3781,114.40□,112.78◆,107.91◆,110.94◆,4329□,8049◆,5334□,6531□
20190828,114,114.5,110.5,111,4729,113.20□,112.90◆,108.11◆,110.91□,4402◆,8047□,5359◆,6497□
20190829,108.5,108.5,101.5,102,19987,110.60□,112.20□,108.15◆,110.83□,7524◆,8448◆,5650◆,6548◆
20190830,103.5,104.5,102.5,103,6216,108.10□,111.65□,108.21◆,110.68□,7830◆,8130□,5695◆,6330□
20190902,103.5,105.5,103,105.5,3177,106.90□,111.58□,108.33◆,110.53□,7578□,7757□,5695◆,6137□
20190903,105.5,106,104,104.5,2236,105.20□,111.28□,108.42◆,110.39□,7269□,7416□,5694□,6029□
20190904,104.5,105.5,104.5,105,1729,104.00□,111.13□,108.46◆,110.26□,6669□,6694□,5595□,5961□
20190905,106,106.5,105,105.5,2491,104.70◆,111.13,108.51◆,110.12□,3170□,6378□,5585□,5927□
20190906,107,107.5,106,106,3592,105.30◆,111.00□,108.59◆,110.01□,2645□,6312□,5600◆,5869□
20190909,107,108,106,106.5,2688,105.50◆,110.70□,108.66◆,109.88□,2547□,5871□,5607◆,5805□
20190910,106.5,107,105,107,2204,106.00◆,110.40□,108.73◆,109.73□,2541□,5460□,5598□,5683□
20190911,107,108,106.5,107,1946,106.40◆,109.98□,108.80◆,109.61□,2584◆,4986□,5575□,5646□
20190912,108,109,107,107.5,2956,106.80◆,109.53□,108.91◆,109.49□,2677◆,4777□,5549□,5633□
20190916,107.5,108,106.5,107,1546,107.00◆,109.10□,108.96◆,109.39□,2268□,4552□,5519□,5590□
20190917,107,108.5,107,108,1992,107.30◆,108.63□,109.04◆,109.32□,2129□,4303□,5496□,5567□
20190918,109,109.5,108,108,2492,107.50◆,108.28□,109.10◆,109.23□,2187◆,4081□,5469□,5561□
20190919,109,109,107,107.5,2328,107.60◆,107.80□,109.18◆,109.13□,2263◆,3980□,5472◆,5547□
20190920,108.5,112,108,110,7112,108.10◆,107.55□,109.31◆,109.09□,3094◆,4116◆,5571◆,5577◆
20190923,110,111,109,110,2269,108.70◆,107.28□,109.43◆,109.04□,3239◆,3995□,5576◆,5565□
20190924,110,110.5,109,109.5,1587,109.00◆,107.18□,109.57◆,108.97□,3158□,3853□,5572□,5521□
20190925,109.5,110,108,108.5,1511,109.10◆,106.95□,109.64◆,108.89□,2962□,3740□,5528□,5482□
20190926,109,110.5,108,108,2289,109.20◆,106.80□,109.60□,108.80□,2954□,3618□,5268□,5458□
20190927,108,108.5,104,104.5,3899,108.10□,106.93◆,109.53□,108.64□,2311□,2813□,5162□,5374□
20191001,105,106,104.5,106,2186,107.30□,107.08◆,109.47□,108.51□,2295□,2612□,5085□,5270□
20191002,105.5,106.5,105,106.5,1576,106.70□,107.13◆,109.40□,108.38□,2292□,2532□,5069□,5235□
20191003,105,107,104.5,107,1424,106.40□,107.25◆,109.38□,108.25□,2275□,2491□,5037□,5177□
20191004,107.5,112,107,110.5,8140,106.90◆,107.53◆,109.47◆,108.16□,3445◆,2812◆,5127◆,5211◆
20191007,111,111.5,108.5,108.5,4116,107.70◆,107.68◆,109.49◆,108.03□,3489◆,2893◆,5159◆,5205□
20191008,108.5,109.5,106.5,106.5,2765,107.80◆,107.70◆,109.44□,107.83□,3604◆,2851□,5135□,5096□
20191009,106.5,107.5,105.5,107,2014,107.90◆,107.73◆,109.43□,107.64□,3692◆,2818□,5140◆,5005□
20191014,109,111,108,109.5,4835,108.40◆,107.85◆,109.43,107.51□,4374◆,2949◆,5188◆,4940□
20191015,109.5,116,109.5,115.5,18076,109.40◆,108.28◆,109.51◆,107.42□,6361◆,3756◆,5396◆,5036◆
20191016,116,116.5,112,112.5,7772,110.20◆,108.53◆,109.52◆,107.27□,7093◆,3997◆,5468◆,4999□
20191017,112.5,114.5,112,114,3713,111.70◆,108.88◆,109.61◆,107.12□,7282◆,4105◆,5423□,4969□
20191018,114.5,115.5,113,114.5,3383,113.20◆,109.20◆,109.73◆,107.01□,7556◆,4174◆,5427◆,4947□
20191021,113,114.5,111.5,114,4133,114.10◆,109.50◆,109.87◆,106.89□,7416□,4257◆,5434◆,4953◆
20191022,116,117,114,114,6039,113.80□,109.83◆,109.98◆,106.81□,5008□,4442◆,5483◆,4969◆
20191023,115,115,112.5,112.5,3418,113.8,109.95◆,110.02◆,106.76□,4137□,4257□,5475□,4946□
20191024,114,115.5,113,115,2816,114.00◆,110.20◆,110.08◆,106.72□,3958□,4285◆,5457□,4939□
20191025,115.5,116.5,113.5,113.5,3501,113.80□,110.40◆,110.10◆,106.66□,3982◆,4380◆,5411□,4948◆
20191028,114,115.5,113.5,114,3487,113.8,110.68◆,110.13◆,106.59□,3852□,4479◆,5423◆,4944□
20191029,115,118,114,114.5,10885,113.90◆,111.00◆,110.23◆,106.57□,4822◆,4909◆,5525◆,4990◆
20191030,115,116.5,114,115.5,3304,114.50◆,111.55◆,110.23□,106.60◆,4799□,4879□,5380□,4908□
20191031,116.5,117,114.5,114.5,3131,114.40□,111.98◆,110.23◆,106.66◆,4862◆,4927◆,5223□,4848□
20191101,114.5,118,114,117.5,6872,115.20◆,112.53◆,110.41◆,106.80◆,5536◆,5191◆,5160□,4831□
20191104,118.5,121.5,118.5,119,14480,116.20◆,113.13◆,110.55◆,106.97◆,7735◆,5844◆,5250◆,4878◆
20191105,120,120,118,118.5,5141,117.00◆,113.53◆,110.73◆,107.16◆,6586□,5694□,5067□,4883◆
20191106,117.5,118,114.5,114.5,9263,116.80□,113.83◆,110.88◆,107.30◆,7778◆,5952◆,5074◆,4907◆
20191107,111,112,105,106.5,18028,115.20□,113.83,110.84□,107.37◆,10757◆,6715◆,5293◆,5029◆
20191108,106.5,107,103.5,105.5,5843,112.80□,113.75□,110.73□,107.47◆,10551□,6906◆,5198□,5046◆
20191111,105,105,101,101,5908,109.20□,113.33□,110.53□,107.52◆,8837□,6960◆,5123□,5065◆
20191112,99,104,98.9,103.5,8421,106.20□,112.73□,110.33□,107.60◆,9493◆,6477□,5073□,5120◆
20191113,102.5,102.5,100.5,100.5,3926,103.40□,112.13□,110.06□,107.63◆,8425□,6285□,5020□,5130◆
20191114,101,101.5,99.1,99.3,3899,101.96□,111.39□,109.79□,107.68◆,5600□,6294◆,4984□,5140◆
20191115,100,104,100,104,4573,101.66□,110.87□,109.56□,107.79◆,5346□,6354◆,4944□,5138□
20191118,104,104.5,100.5,101,6151,101.66,110.22□,109.33□,107.87◆,5394◆,6454◆,4931□,5169◆
20191119,100.5,103,100.5,102,2372,101.36□,109.62□,109.08□,107.95◆,4184□,6271□,4898□,5177◆
20191120,102,102.5,100.5,101.5,1951,101.56◆,109.07□,108.86□,108.02◆,3789□,6198□,4857□,5181◆
20191121,100.5,102.5,100,101.5,2120,102.00◆,108.39□,108.62□,108.06◆,3434□,6163□,4814□,5161□
20191122,102,102.5,101.5,102.5,1188,101.70□,107.84□,108.47□,108.08◆,2757□,6047□,4760□,5065□
20191125,102.5,103.5,102,103,1634,102.10◆,107.29□,108.31□,108.11◆,1853□,5955□,4724□,5029□
20191126,103.5,104,102.5,103,1445,102.30◆,106.72□,108.17□,108.14◆,1668□,5483□,4670□,5014□
20191127,103,104,102.5,103.5,1168,102.70◆,106.12□,108.20◆,108.17◆,1511□,5376□,4356□,5003□
20191128,104,105.5,103,104.5,3651,103.30◆,105.62□,108.22◆,108.22◆,1817◆,5402◆,4313□,5004◆
20191129,104,105.5,104,105.5,2155,103.90◆,105.02□,108.22,108.28◆,2011◆,5166□,4296□,4996□
20191202,105,108.5,103.5,108.5,4837,105.00◆,104.49□,108.29◆,108.35◆,2651◆,4684□,4340◆,5017◆
20191203,106.5,107.5,105.5,106.5,4663,105.70◆,103.89□,108.31◆,108.39◆,3295◆,4660□,4389◆,4992□
20191204,108.5,109.5,105.5,105.5,12285,106.10◆,103.44□,108.31,108.41◆,5518◆,4811◆,4552◆,5068◆
20191205,107,109,107,108,5148,106.80◆,103.52◆,108.35◆,108.47◆,5818◆,4167□,4578◆,5089◆
20191206,109,109.5,107,107.5,3934,107.20◆,103.62◆,108.36◆,108.51◆,6174◆,4072□,4598◆,5103◆
20191209,108.5,109,106.5,106.5,2461,106.80□,103.89◆,108.36□,108.54◆,5698□,3899□,4603◆,5100□
20191210,107,108,106.5,108,1691,107.10◆,104.12◆,108.37◆,108.59◆,5104□,3563□,4598□,5087□
20191211,108.5,109,107.5,108.5,1635,107.70◆,104.52◆,108.39◆,108.65◆,2974□,3448□,4576□,5063□
20191212,109,109.5,107.5,108,2170,107.7,104.95◆,108.41◆,108.68◆,2378□,3362□,4587◆,5053□
20191213,109,109,107,107,1667,107.60□,105.10◆,108.39□,108.72◆,1925□,3216□,4581□,5039□
20191216,107.5,109.5,107,109.5,4046,108.20◆,105.53◆,108.41◆,108.76◆,2242◆,3111□,4607◆,5038□
20191217,111,112,109.5,110,4390,108.60◆,105.93◆,108.46◆,108.82◆,2782◆,3212◆,4642◆,5057◆
20191218,110,111,109.5,110.5,1765,109.00◆,106.38◆,108.46◆,108.89◆,2808◆,3203□,4553□,5062◆
20191219,111.5,111.5,110.5,111,2034,109.60◆,106.85◆,108.48◆,108.96◆,2781□,3198□,4549□,5062◆
20191220,112,112,110.5,111.5,1775,110.50◆,107.30◆,108.51◆,109.04◆,2802◆,3228◆,4552◆,5062□
20191223,111.5,112,108.5,108.5,2119,110.30□,107.58◆,108.51,109.08◆,2417□,3252◆,4562◆,5045□
20191224,109,109.5,108.5,108.5,1106,110.00□,107.85◆,108.52◆,109.06□,1760□,3235□,4542□,4905□
20191225,109.5,112,109,111,2717,110.10◆,108.23◆,108.63◆,109.08◆,1950◆,3313◆,4523□,4842□
20191226,111.5,115,111.5,113,7896,110.50◆,108.65◆,108.75◆,109.11◆,3123◆,3525◆,4618◆,4851◆
20191227,113,114,112,113.5,3182,110.90◆,109.05◆,108.86◆,109.13◆,3404◆,3576◆,4644◆,4857◆
20191230,113,114,112,112,2011,111.60◆,109.23◆,108.95◆,109.17◆,3383□,3435□,4654◆,4846□
20191231,112,113.5,111.5,113,1847,112.50◆,109.55◆,108.99◆,109.23◆,3531◆,3294□,4549□,4838□
20200102,114.5,115.5,113.5,114,4550,113.10◆,109.98◆,109.08◆,109.29◆,3897◆,2907□,4557◆,4858◆
20200103,115,115,110.5,112.5,3850,113.00□,110.20◆,109.18◆,109.31◆,3088□,2842□,4575◆,4855□
20200106,111.5,111.5,109,109,2669,112.10□,110.28◆,109.21◆,109.32◆,2986□,2779□,4586◆,4863◆
20200107,108.5,108.5,106,107,3627,111.10□,110.30◆,109.17□,109.30□,3309◆,2837◆,4565□,4877◆
20200108,105,107,104.5,105,2001,109.50□,110.15□,109.00□,109.25□,3340◆,2853◆,4298□,4847□
20200109,106,107,106,107,1178,108.10□,110.08□,108.91□,109.21□,2665□,2830□,4188□,4828□
20200110,108,108,106,106,905,106.80□,109.98□,108.77□,109.19□,2076□,2767□,4141□,4782□
20200113,107.5,109.5,107,108.5,1876,106.70□,110.05◆,108.67□,109.20◆,1918□,2777◆,4116□,4771□
20200114,110,111,109,110,1567,107.30◆,110.08◆,108.61□,109.24◆,1506□,2653□,4073□,4754□
20200115,109.5,110.5,109,109.5,1016,108.20◆,110.05□,108.53□,109.26◆,1309□,2485□,3989□,4736□
20200116,109.5,110.5,109,110,938,108.80◆,110.03□,108.49□,109.25□,1261□,2443□,3948□,4711□
20200117,111,112.5,110.5,110.5,2487,109.70◆,110.00□,108.41□,109.25□,1577◆,2466◆,3942□,4700□
20200120,111.5,111.5,110,110.5,1252,110.10◆,109.95□,108.36□,109.23□,1452□,2440□,3905□,4658□
20200130,102.5,103.5,99.5,101,4834,108.30□,109.58□,108.15□,109.14□,2106◆,2576◆,3927◆,4675◆
20200131,102,103.5,99.7,101,2065,106.60□,109.20□,107.92□,109.08□,2315◆,2624◆,3780□,4652□
20200203,96.1,99.7,91.9,99.2,3600,104.44□,108.61□,107.65□,108.94□,2848◆,2668◆,3785◆,4583□
20200204,100,102.5,99.3,102,1359,102.74□,108.06□,107.44□,108.84□,2622□,2341□,3756□,4489□
20200205,102.5,103,99.7,100,1685,100.64□,107.39□,107.15□,108.78□,2709◆,2266□,3669□,4415□
20200206,100,101.5,99.9,100.5,1627,100.54□,106.81□,106.84□,108.70□,2067□,2247□,3455□,4353□
20200207,100.5,100.5,97.5,97.5,2131,99.84□,106.04□,106.49□,108.61□,2081◆,2261◆,3405□,4236□
20200210,94.3,97.5,93.9,96.1,2206,99.22□,105.14□,106.19□,108.53□,1802□,2144□,3287□,4181□
20200211,97.9,99.5,97.4,98.8,1602,98.58□,104.46□,106.06□,108.45□,1850◆,2031□,3014□,4153□
20200212,99.5,101.5,99.4,101.5,1745,98.88◆,104.08□,105.99□,108.36□,1862◆,1985□,2945□,4072□
20200213,102,102.5,100,100.5,1355,98.88,103.76□,105.98□,108.25□,1808□,1872□,2869□,3996□
20200214,101,102.5,100.5,101.5,1248,99.68◆,103.58□,105.95□,108.14□,1631□,1834□,2750□,3911□
20200217,100.5,102.5,100,101.5,1272,100.76◆,103.31□,105.97◆,108.01□,1445□,1839◆,2706□,3863□
20200218,101.5,103,101,103,2214,101.60◆,103.16□,106.03◆,107.91□,1567◆,1904◆,2678□,3831□
20200219,104.5,106,103,103.5,5203,102.00◆,102.91□,106.02□,107.79□,2259◆,2070◆,2688◆,3816□
20200220,103.5,104,102.5,103,1348,102.50◆,102.56□,106.05◆,107.69□,2257□,2059□,2608□,3769□
20200221,103,104,103,103.5,1193,102.90◆,102.26□,106.08◆,107.58□,2246□,2068◆,2588□,3743□
20200224,102,102.5,101,101.5,1214,102.9,101.83□,106.08,107.47□,2235□,2082◆,2576□,3717□
20200225,100,103,100,103,1393,102.9,101.46□,106.10◆,107.36□,2070□,2027□,2564□,3689□
20200226,102,103,101.5,102,845,102.60□,101.03□,106.09□,107.28□,1199□,2007□,2558□,3659□
20200227,102,102,98.1,98.2,2253,101.64□,100.89□,106.01□,107.16□,1380◆,1878□,2569◆,3646□
20200302,96.8,100,95.6,97.9,1942,100.52□,100.74□,105.93□,107.05□,1530◆,1872□,2577◆,3623□
20200303,100.5,100.5,99.1,99.1,1609,100.04□,100.73□,105.86□,107.03□,1609◆,1772□,2584◆,3470□
20200304,99.1,99.5,97.5,97.8,1243,99.00□,100.52□,105.74□,106.98□,1579□,1767□,2544□,3429□
20200305,99,99.7,98,98,1190,98.20□,100.42□,105.62□,106.92□,1648◆,1742□,2528□,3412□
20200306,97,97.4,95.8,95.9,2001,97.74□,100.19□,105.41□,106.85□,1597□,1760◆,2481□,3410□
20200309,94.7,94.7,89.1,89.1,4436,95.98□,99.77□,105.12□,106.72□,2096◆,1876◆,2477□,3433◆
20200310,88.5,90,87,89.9,2488,94.14□,99.46□,104.86□,106.59□,2272◆,1890◆,2314□,3433□
20200311,91,91.3,87.8,88.6,1812,92.30□,98.95□,104.54□,106.44□,2386◆,1900◆,2258□,3418□
20200312,86.6,87,79.8,79.9,6149,88.68□,97.87□,104.08□,106.22□,3377◆,2121◆,2295◆,3447◆
20200313,72.2,73.7,72,73.6,6005,84.22□,96.53□,103.53□,105.94□,4178◆,2353◆,2354◆,3478◆
20200316,75.9,78.7,73.7,73.8,6110,81.16□,95.14□,102.96□,105.67□,4513◆,2596◆,2428◆,3513◆
20200317,70.1,75.8,70.1,72.6,4104,77.70□,93.70□,102.36□,105.37□,4836◆,2738◆,2469◆,3523◆
20200318,74.3,74.9,70.2,70.4,3067,74.06□,92.07□,101.73□,105.07□,5087◆,2780◆,2484◆,3535◆
20200319,68.4,69.4,63.4,63.4,6073,70.76□,90.06□,101.01□,104.70□,5072□,2824◆,2557◆,3569◆
20200320,66.1,69.7,66.1,69.7,3379,69.98□,88.40□,100.34□,104.38□,4547□,2925◆,2546□,3577◆
20200323,66.5,70.2,65,68.6,2645,68.94□,86.65□,99.65□,104.05□,3854□,2998◆,2517□,3579◆
20200324,72,74.4,72,73.3,2704,69.08◆,85.24□,99.03□,103.75□,3574□,3073◆,2533◆,3543□
20200325,75.3,77.6,75.3,76.2,3446,70.24◆,83.90□,98.45□,103.47□,3650◆,3175◆,2556◆,3552◆
20200326,77.5,78.3,75.5,78.3,3256,73.22◆,82.72□,97.90□,103.21□,3086□,3296◆,2581◆,3566◆
20200327,80,81.5,78.3,78.3,4161,74.94◆,81.72□,97.40□,102.96□,3243◆,3391◆,2615◆,3588◆
20200330,76.3,79,75.6,78.5,1635,76.92◆,80.75□,96.90□,102.71□,3041□,3376□,2624◆,3583□
20200331,79.9,80.6,78.5,79.4,2245,78.14◆,79.77□,96.37□,102.50□,2949□,3408◆,2616□,3569□
20200401,79.1,80.3,78.7,80.3,1682,78.96◆,78.89□,95.82□,102.29□,2596□,3430◆,2512□,3565□
20200406,80.3,80.7,79.3,80,2795,79.30◆,77.99□,95.27□,102.07□,2504□,3510◆,2506□,3575◆
20200407,82.4,85.5,82.4,84.2,3959,80.48◆,77.41□,94.80□,101.88□,2463□,3608◆,2538◆,3596◆
20200408,84.6,85.6,83.2,85.2,2770,81.82◆,77.21□,94.34□,101.66□,2690◆,3524□,2554◆,3552□
20200409,85.7,86.2,82.5,83.1,3339,82.56◆,76.87□,93.82□,101.45□,2909◆,3567◆,2533□,3545□
20200410,83.1,83.6,82.5,83,1214,83.10◆,76.59□,93.33□,101.26□,2816□,3537□,2490□,3532□
20200413,83.7,85.3,83.3,83.7,2317,83.84◆,76.78◆,92.91□,101.06□,2720□,3345□,2484□,3535◆
20200414,84.2,85.3,84,85.3,2215,84.06◆,77.37◆,92.55□,100.86□,2371□,3156□,2460□,3513□
20200415,86,86.7,85.3,85.5,2540,84.12◆,77.95◆,92.22□,100.61□,2325□,2977□,2469◆,3383□
20200416,85,87.8,84.8,87.3,3450,84.96◆,78.69◆,91.90□,100.40□,2347◆,2945□,2507◆,3347□
20200417,88.8,90.4,87.2,87.4,5812,85.84◆,79.54◆,91.59□,100.18□,3267◆,3082◆,2589◆,3365◆
20200420,87.1,89.9,86.1,89.2,2928,86.94◆,80.83◆,91.26□,99.97□,3389◆,2925□,2606◆,3361□
20200421,88.5,89.7,85.4,85.8,3270,87.04◆,81.63◆,90.86□,99.73□,3600◆,2919□,2635◆,3354□
20200422,85.4,88.3,84.8,88.2,2901,87.58◆,82.61◆,90.51□,99.52□,3672◆,2932◆,2666◆,3328□
20200423,88.8,89.4,88.1,88.4,1822,87.80◆,83.37◆,90.15□,99.32□,3347□,2888□,2681◆,3314□
20200424,88.5,90.3,88.3,90.3,2765,88.38◆,84.07◆,89.81□,99.11□,2737□,2854□,2685◆,3314□
20200427,93.1,94.8,92.1,92.9,7919,89.12◆,84.80◆,89.52□,98.94□,3736◆,3087◆,2797◆,3351◆
20200428,93,93.2,91.1,91.9,2022,90.34◆,85.48◆,89.36□,98.76□,3486□,2980□,2750□,3339□
20200429,92.6,95.9,92.1,95.2,5911,91.74◆,86.32◆,89.27□,98.60□,4088◆,3194◆,2814◆,3297□
20200430,95.8,96.8,95.1,95.6,3769,93.18◆,87.13◆,89.21□,98.43□,4477◆,3270◆,2817◆,3301◆
20200504,93.5,96.4,93,95.8,2748,94.28◆,87.90◆,89.10□,98.27□,4474□,3323◆,2840◆,3298□
20200505,96.5,97.2,93.9,95.5,2951,94.80◆,88.68◆,89.03□,98.09□,3480□,3331◆,2861◆,3265□
20200506,96.6,96.6,94,94.3,1997,95.28◆,89.18◆,88.93□,97.88□,3475□,3233□,2867◆,3161□
20200507,93,96.3,92.5,95.8,5506,95.40◆,89.71◆,88.90□,97.70□,3394□,3370◆,2923◆,3164◆
20200508,97,98.7,96.2,97.3,3464,95.74◆,90.42◆,88.92◆,97.55□,3333□,3376◆,2944◆,3116□
20200511,98.1,101.5,98.1,99,5078,96.38◆,91.22◆,88.92◆,97.49□,3799◆,3569◆,3002◆,3008□
20200512,98.2,99.7,97.6,98.8,2714,97.04◆,91.98◆,88.88□,97.43□,3752□,3589◆,3018◆,2982□
20200513,98.5,99,97.1,99,2349,97.98◆,92.66◆,88.85□,97.42□,3822◆,3596◆,3035◆,2952□
20200514,98,102,98,102,5511,99.22◆,93.49◆,88.86◆,97.40□,3823◆,3744◆,3106◆,2928□
20200515,104,105,94.7,97.8,12025,99.32◆,94.01◆,88.80□,97.38□,5536◆,4173◆,3285◆,2995◆
20200518,98,98.1,94.6,94.6,3020,98.44□,94.37◆,88.66□,97.34□,5124□,4034□,3299◆,2988□
20200519,95.8,96.3,94.3,94.9,2181,97.66□,94.66◆,88.51□,97.27□,5017□,3996□,3248□,2968□
20200520,95.4,95.6,94.5,95.1,1421,96.88□,95.12◆,88.38□,97.22□,4832□,3904□,3249◆,2929□
20200521,97.5,104.5,97.5,104.5,16594,97.38◆,95.94◆,88.40◆,97.24◆,7048◆,4588◆,3506◆,3047◆
20200522,107,112,106,107.5,29850,99.32◆,96.89◆,88.50◆,97.29◆,10613◆,5990◆,3983◆,3280◆
20200525,111,118,109.5,116.5,23872,103.70◆,98.20◆,88.72◆,97.41◆,14784◆,7045◆,4358◆,3461◆
20200526,117.5,117.5,113,114,12618,107.52◆,99.26◆,88.92◆,97.51◆,16871◆,7280◆,4554◆,3556◆
20200527,115,116,111,112,8956,110.90◆,100.26◆,89.15◆,97.58◆,18378◆,7627◆,4666◆,3617◆
20200528,114.5,116,107.5,109,10602,111.80◆,100.95◆,89.34◆,97.63◆,17180□,7861◆,4810◆,3694◆
20200529,109,115.5,108.5,113.5,13152,113.00◆,101.85◆,89.58◆,97.72◆,13840□,8331◆,5003◆,3793◆
20200601,115,120,114.5,116,20674,112.90□,102.86◆,89.88◆,97.81◆,13201□,9227◆,5327◆,3935◆
20200602,117,123,116.5,123,26436,114.70◆,104.23◆,90.30◆,97.96◆,15964◆,10401◆,5747◆,4138◆
20200603,123.5,125,120,124.5,14440,117.20◆,105.74◆,90.78◆,98.09◆,17061◆,11023◆,5955◆,4218◆
20200604,124,124,118.5,120.5,11784,119.50◆,106.98◆,91.30◆,98.21◆,17297◆,11337◆,6077◆,4277◆
20200605,121,124.5,120.5,121.5,7207,121.10◆,108.19◆,91.83◆,98.34◆,16108□,11524◆,6156◆,4235□
20200608,125,126,121,121,8325,122.10◆,109.29◆,92.37◆,98.45◆,13639□,11687◆,6264◆,4261◆
20200609,121,123.5,119.5,121.5,5909,121.80□,110.42◆,93.06◆,98.57◆,9533□,11846◆,6260□,4278◆
20200610,121.5,121.5,119,119.5,6015,120.80□,111.45◆,93.82◆,98.68◆,7848□,12030◆,6261◆,4307◆
20200611,118,118.5,112,113,12334,119.30□,112.00◆,94.48◆,98.72◆,7958◆,12371◆,6364◆,4396◆
20200612,108.5,113.5,108,112,6968,117.40□,112.71◆,95.13◆,98.75◆,7910□,12118□,6412◆,4440◆
20200615,113,115,111,111.5,5349,115.50□,113.55◆,95.82◆,98.78◆,7315□,12234◆,6450◆,4467◆
20200616,113.5,114.5,109,111,8569,113.40□,114.36◆,96.61◆,98.81◆,7847◆,12554◆,6492◆,4524◆
20200617,111.5,112,107.5,108.5,8570,111.20□,115.03◆,97.26◆,98.80□,8358◆,12911◆,6578◆,4562◆
20200618,110,114.5,109.5,114,9868,111.40◆,115.50◆,98.02◆,98.83◆,7865□,12575□,6699◆,4608◆
20200619,113,114,111,111,5854,111.20□,115.68◆,98.64◆,98.84◆,7642□,11375□,6751◆,4642◆
20200622,110,112,109,110.5,4266,111.00□,115.38□,99.22◆,98.83□,7426□,10395□,6765◆,4660◆
20200623,112,112,108.5,109.5,2442,110.70□,115.15□,99.74◆,98.82□,6200□,9886□,6751□,4666◆
20200624,110.5,112.5,110,112,4170,111.40◆,115.15,100.30◆,98.85◆,5320□,9647□,6751◆,4683◆
20200629,110,112,109,110,3317,110.60□,115.20◆,100.82◆,98.86◆,4010□,9283□,6779◆,4701◆
20200630,111.5,112.5,110,112.5,3308,110.90◆,115.15□,101.37◆,98.87◆,3501□,8790□,6797◆,4706◆
20200701,113.5,117.5,112.5,116,8925,112.00◆,115.15,101.97◆,98.90◆,4433◆,8203□,6918◆,4715◆
20200702,116,117,114.5,115.5,4377,113.20◆,114.78□,102.56◆,98.91◆,4820◆,7100□,6944◆,4725◆
20200703,116.5,122.5,115,120,11667,114.80◆,114.55□,103.16◆,98.98◆,6319◆,6961□,7073◆,4805◆
20200706,121,123.5,119,119.5,9392,116.70◆,114.50□,103.73◆,99.03◆,7534◆,6842□,7183◆,4868◆
20200707,121,121.5,115,115,9623,117.20◆,114.18□,104.26◆,99.04◆,8797◆,6963◆,7288◆,4911◆
20200708,115.5,118,114.5,116.5,4756,117.30◆,113.95□,104.82◆,99.08◆,7963□,6784□,7347◆,4918◆
20200709,118,118,115,115,5155,117.20□,113.63□,105.34◆,99.13◆,8119◆,6746□,7394◆,4939◆
20200710,114,115,111,111.5,4644,115.50□,113.23□,105.78◆,99.16◆,6714□,6678□,7434◆,4947◆
20200713,113.5,118.5,113,117.5,9384,115.10□,113.45◆,106.31◆,99.27◆,6713□,6530□,7549◆,5009◆
20200714,115,116.5,112.5,112.5,6034,114.60□,113.48◆,106.73◆,99.31◆,5995□,6484□,7592◆,5049◆
20200715,114.5,119,112.5,115.5,11469,114.40□,113.68◆,107.20◆,99.39◆,7337◆,6790◆,7686◆,5137◆
20200716,118,122,117,122,28638,115.80◆,114.23◆,107.75◆,99.51◆,12034◆,7793◆,8114◆,5360◆
20200717,123,124.5,117.5,118,16307,117.10◆,114.70◆,108.28◆,99.57◆,14367◆,8180◆,8332◆,5483◆
20200720,119.5,122,116.5,118.5,8168,117.30◆,114.93◆,108.79◆,99.65◆,14123□,8095□,8419◆,5543◆
20200721,120.5,130,119.5,130,31877,120.80◆,115.88◆,109.48◆,99.81◆,19292◆,9396◆,8920◆,5801◆
20200722,131,142,128.5,136.5,56895,125.00◆,117.18◆,110.25◆,100.03◆,28377◆,12028◆,9823◆,6254◆
20200723,139,141,136,139.5,22027,128.50◆,118.68◆,111.03◆,100.27◆,27055□,13007◆,10058◆,6427◆
20200724,138.5,143,133.5,134,24314,131.70◆,119.78◆,111.73◆,100.55◆,28656◆,14014◆,10429◆,6589◆
20200727,138,141,132,134.5,16373,134.90◆,121.00◆,112.38◆,100.83◆,30297◆,14667◆,10604◆,6709◆
20200728,136.5,139,127,128.5,19082,134.60□,121.80◆,112.93◆,101.07◆,27738□,15455◆,10859◆,6838◆
20200729,128.5,133,128.5,131,9618,133.50□,122.55◆,113.52◆,101.31◆,18283□,15490◆,10973◆,6907◆
20200730,132,132.5,129,132,6912,132.00□,123.38◆,114.13◆,101.58◆,15260□,15617◆,11039◆,6950◆
20200731,133,138.5,132,137.5,21666,132.70◆,124.25◆,114.85◆,101.89◆,14730□,16117◆,11367◆,7117◆
20200803,138,138.5,133,133.5,7404,132.50□,124.95◆,115.48◆,102.19◆,12937□,16017□,11399◆,7161◆
20200804,134,135.5,131.5,135.5,8031,133.90◆,125.98◆,116.11◆,102.52◆,10726□,15938□,11475◆,7210◆
20200805,136.5,138,134.5,136,9680,134.90◆,126.95◆,116.73◆,102.83◆,10739◆,16184◆,11552◆,7277◆
20200806,132.5,134,128.5,133.5,16717,135.20◆,127.88◆,117.31◆,103.09◆,12700◆,16762◆,11785◆,7402◆
20200807,140,140,129.5,129.5,31282,133.60□,128.78◆,117.82◆,103.33◆,14623◆,18094◆,12267◆,7651◆
20200810,130.5,134.5,128.5,132,11608,133.30□,129.50◆,118.32◆,103.59◆,15464◆,18205◆,12369◆,7737◆
20200811,132,134.5,129,131.5,7020,132.50□,130.45◆,118.88◆,103.84◆,15262□,18255◆,12285□,7785◆
20200812,132,133.5,129.5,132.5,5449,131.80□,131.30◆,119.51◆,104.08◆,14415□,17954□,12326◆,7812◆
20200813,134,137,132,133.5,9950,131.8,131.88◆,120.15◆,104.33◆,13062□,17019□,12455◆,7852◆
20200814,134.5,138,133.5,135,9730,132.90◆,132.73◆,120.82◆,104.60◆,8752□,16690□,12594◆,7922◆
20200817,136.5,137.5,133.5,134.5,4583,133.40◆,133.53◆,121.32◆,104.86◆,7347□,16511□,12394□,7950◆
20200818,135,135.5,129,129,8178,132.90□,133.48□,121.68◆,105.09◆,7578◆,15326□,12032□,8008◆
20200819,129.5,130.5,122,122.5,15560,130.90□,132.78□,121.78◆,105.25◆,9600◆,13259□,11894□,8126◆
20200820,123.5,124.5,111,116,12677,127.40□,131.60□,121.81◆,105.37◆,10146◆,12792□,11895◆,8225◆
20200821,118.5,123,116.5,121.5,7716,124.70□,130.98□,121.97◆,105.56◆,9743□,11962□,11874□,8270◆
20200824,120,123,118,122.5,4506,122.30□,130.38□,122.19◆,105.77◆,9728□,11369□,11773□,8291◆
20200825,122.5,126,122.5,126,4044,121.70□,130.25□,122.40◆,105.99◆,8901□,10617□,11621□,8312◆
20200826,124.5,126,123,124.5,2601,122.10◆,129.93□,122.54◆,106.21◆,6309□,10266□,11320□,8323◆
20200827,125.5,128,124,126,5007,124.10◆,129.63□,122.59◆,106.45◆,4775□,10171□,10962□,8355◆
20200828,128.5,132,125,131.5,10092,126.10◆,129.33□,122.71◆,106.74◆,5250◆,9592□,10890□,8422◆
20200831,131.5,132,128,130,6198,127.60◆,129.15□,122.87◆,107.08◆,5589◆,9532□,10797□,8437◆
20200901,132,141.5,132,137.5,35939,129.90◆,129.25◆,123.13◆,107.48◆,11968◆,10927◆,11276◆,8716◆
20200902,137.5,138,133,134,11481,131.80◆,129.15□,123.35◆,107.86◆,13744◆,11017◆,11328◆,8796◆
20200903,135,135.5,131.5,131.5,7253,132.90◆,129.05□,123.52◆,108.29◆,14193◆,10544□,11351◆,8806◆
20200904,128,136,125.5,135,9331,133.60◆,129.33◆,123.78◆,108.80◆,14041□,9446□,11406◆,8833◆
20200907,136,137.5,130.5,131.5,5199,133.90◆,129.30□,124.08◆,109.28◆,13841□,9126□,11287□,8826□
20200908,132,133,129,130,3285,132.40□,129.23□,124.38◆,109.76◆,7310□,8939□,11226□,8819□
20200909,129,132,127,131.5,3415,131.90□,129.18□,124.72◆,110.27◆,5697□,8837□,11193□,8822◆
20200910,132.5,133.5,129.5,130.5,2410,131.70□,129.03□,125.04◆,110.83◆,4728□,8460□,11091□,8791□
20200911,130.5,131.5,128.5,129.5,2001,130.60□,128.75□,125.39◆,111.33◆,3262□,8074□,10981□,8780□
20200914,128.5,132,125.5,131.5,6030,130.6,128.60□,125.68◆,111.85◆,3428◆,8146◆,10917□,8808◆
20200915,131,137,130.5,134,6576,131.40◆,128.85◆,126.07◆,112.36◆,4087◆,8066□,10929◆,8840◆
20200916,136,136,134,134.5,3114,132.00◆,129.45◆,126.47◆,112.84◆,4026□,7444□,10910□,8837□
20200917,135,138.5,133.5,134,4983,132.70◆,130.35◆,126.88◆,113.31◆,4541◆,7059□,10953◆,8852◆
20200918,135.5,135.5,133,133.5,1690,133.50◆,130.95◆,127.23◆,113.77◆,4479□,6758□,10911□,8831□
20200921,134.5,134.5,130.5,130.5,2050,133.30□,131.35◆,127.58◆,114.20◆,3683□,6635□,10890□,8835◆
20200922,130.5,131,128,129.5,2247,132.40□,131.53◆,127.86◆,114.62◆,2817□,6545□,10872□,8835◆
20200923,131,131,128,128.5,1892,131.20□,131.73◆,128.07◆,115.02◆,2573□,6510□,10755□,8836◆
20200924,127.5,127.5,122,122.5,5572,128.90□,131.55□,128.18◆,115.37◆,2690◆,6538◆,10775◆,8860◆
20200925,124.5,125,118,122,3530,126.60□,131.08□,128.22◆,115.69◆,3058◆,6210□,10640□,8856□
20200928,124,125.5,122,125,1689,125.50□,130.83□,128.31◆,116.02◆,2986□,5984□,10511□,8847□
20200929,125.5,126,123.5,125,1420,124.60□,130.20□,128.48◆,116.37◆,2821□,4259□,10374□,8831□
20200930,125,125,123,124.5,1048,123.80□,129.73□,128.61◆,116.71◆,2652□,3737□,10313□,8830□
20201005,125,125.5,123.5,125.5,664,124.40◆,129.43□,128.78◆,117.06◆,1670□,3407□,10238□,8816□
20201006,127,129,126.5,127.5,1956,125.50◆,129.05□,129.05◆,117.41◆,1356□,3039□,10193□,8814□
20201007,127,128.5,126.5,127.5,1142,126.00◆,128.85□,129.22◆,117.76◆,1246□,2836□,10056□,8802□
20201008,128,128.5,124.5,125,2407,126,128.60□,129.43◆,118.08◆,1444◆,2792□,9995□,8793□
20201012,126,126,121,122.5,3393,125.60□,128.15□,129.54◆,118.37◆,1913◆,2791□,9861□,8773□
20201013,122,122.5,120,122,2085,124.90□,127.73□,129.54,118.64◆,2197◆,2775□,9418□,8766□
20201014,122,125.5,122,122.5,2322,123.90□,127.38□,129.62◆,118.95◆,2270◆,2791◆,9185□,8758□
20201015,122.5,123.5,121.5,121.5,1222,122.70□,126.88□,129.67◆,119.23◆,2286◆,2550□,9069□,8744□
20201016,121.5,123,120.5,121,1342,121.90□,126.23□,129.52□,119.50◆,2073□,2289□,8560□,8740□
20201019,122,123.5,121,122,2031,121.80□,125.60□,129.28□,119.76◆,1801□,2234□,7646□,8734□
20201020,121.5,125,121.5,123.5,2263,122.10◆,125.08□,129.01□,120.02◆,1836◆,2098□,7316□,8687□
20201021,124.5,125.5,123,124.5,1112,122.50◆,124.63□,128.85□,120.29◆,1594□,2069□,6930□,8679□
20201022,124.5,124.5,121,122,1772,122.60◆,124.20□,128.64□,120.51◆,1704◆,2056□,6686□,8645□
20201023,123,123.5,121.5,122,1238,122.80◆,123.83□,128.53□,120.73◆,1683□,2005□,6389□,8624□
20201026,122,123,120,120,1767,122.40□,123.40□,128.35□,120.94◆,1631□,1999□,6258□,8616□
20201027,119.5,121,119,119.5,1732,121.60□,123.25□,128.14□,121.14◆,1524□,1807□,6172□,8606□
20201028,120,120.5,115.5,116.5,3188,120.00□,122.98□,127.79□,121.32◆,1940◆,1790□,5864□,8615◆
20201029,115,118,112.5,117.5,2278,119.10□,122.60□,127.53□,121.50◆,2041◆,1819◆,5778□,8589□
20201030,117,117.5,112.5,113.5,3842,117.40□,122.03□,127.16□,121.64◆,2562◆,1940◆,5709□,8592◆
20201102,113,114,109,110.5,4603,115.50□,121.33□,126.73□,121.73◆,3129◆,2118◆,5624□,8588□
20201103,111.5,117,111.5,115,2948,114.60□,120.80□,126.43□,121.87◆,3372◆,2232◆,5394□,8590◆
20201104,116,119,113.5,117,4181,114.70◆,120.28□,126.22□,122.02◆,3571◆,2344◆,4943□,8605◆
20201105,117,118,115,117,1844,114.60□,119.75□,125.97□,122.14◆,3484□,2379◆,4780□,8574□
20201106,117,117.5,114,114.5,2235,114.80◆,119.23□,125.68□,122.28◆,3162□,2370□,4700□,8493□
20201109,115,115,110,111,7328,114.90◆,118.65□,125.33□,122.42◆,3707◆,2567◆,4732◆,8529◆
20201110,111,112.5,109,110,3118,113.90□,118.05□,124.93□,122.54◆,3741◆,2618◆,4618□,8537◆
20201111,111,111.5,109.5,111,1731,112.70□,117.48□,124.53□,122.68◆,3251□,2589□,4484□,8539◆
20201112,112,112.5,109.5,109.5,2166,111.20□,116.88□,124.12□,122.72◆,3316◆,2636◆,4444□,8419□
20201113,109.5,110,106.5,108,3485,109.90□,116.23□,123.77□,122.72◆,3566◆,2743◆,4366□,8199□
20201116,108,110.5,108,109.5,2076,109.60□,115.60□,123.55□,122.66□,2515□,2745◆,4141□,8018□
20201117,110.5,112,110,110,2776,109.6,114.93□,123.45□,122.63□,2447□,2771◆,3976□,7936□
20201118,110,111.5,109,110,1980,109.40□,114.20□,123.26□,122.61□,2497◆,2815◆,3881□,7877□
20201119,109.5,110.5,109,109.5,1524,109.4,113.58□,123.04□,122.62◆,2368□,2802□,3831□,7802□
20201120,110,112,109.5,110,3206,109.80◆,112.98□,122.78□,122.59□,2313□,2901◆,3817□,7719□
20201123,111,112,109.5,111,2762,110.10◆,112.53□,122.55□,122.55□,2450◆,2950◆,3820◆,7570□
20201124,112,112.5,111,111.5,1556,110.40◆,112.13□,122.31□,122.45□,2206□,2941□,3762□,7362□
20201125,112,112.5,110,110.5,1850,110.50◆,111.83□,121.96□,122.33□,2180□,2875□,3625□,7257□
20201126,111,115,110.5,115,4692,111.60◆,111.70□,121.71□,122.29□,2813◆,2995◆,3600□,7198□
20201127,115,116.5,114.5,116,3835,112.80◆,111.83◆,121.35□,122.24□,2939◆,2995□,3065□,7170□
20201130,116,116,113.5,113.5,2702,113.30◆,111.98◆,121.01□,122.18□,2927□,2900□,2918□,7123□
20201201,115,118.5,114.5,118,7478,114.60◆,112.13◆,120.78□,122.15□,4112◆,3126◆,2922◆,7136◆
20201202,119.5,120,117,118.5,5514,116.20◆,112.20◆,120.51□,122.14□,4844◆,3193◆,2858□,7132□
20201203,118.5,118.5,116,116.5,3103,116.50◆,112.18□,120.26□,122.17◆,4527□,3256◆,2823□,7055□
20201204,117,117.5,115,115.5,3380,116.40□,112.23◆,120.02□,122.20◆,4436□,3313◆,2825◆,7025□
20201207,116,119,116,118.5,5485,117.40◆,112.60◆,119.80□,122.26◆,4992◆,3221□,2860◆,7027◆
20201208,118.5,119.5,117,117.5,3889,117.30□,112.98◆,119.58□,122.31◆,4274□,3260◆,2884◆,6988□
20201209,117.5,118.5,116,116.5,4690,116.90□,113.25◆,119.37□,122.38◆,4110□,3408◆,2929◆,6955□
20201210,116.5,116.5,114,114,2953,116.40□,113.48◆,119.08□,122.38,4080□,3447◆,2878□,6898□
20201211,114.5,115,110.5,112.5,2855,115.80□,113.70◆,118.72□,122.39◆,3975□,3415□,2816□,6873□
20201214,112,113.5,112,112,1782,114.50□,113.83◆,118.34□,122.41◆,3234□,3401□,2794□,6852□
20201215,112,112.5,108,109,2840,112.80□,113.78□,117.93□,122.40□,3024□,3404◆,2758□,6855◆
20201216,110,112.5,110,112,1440,111.90□,113.88◆,117.57□,122.4,2374□,3377□,2754□,6832□
20201217,112,113,111,111.5,1350,111.40□,113.98◆,117.25□,122.41◆,2054□,3368□,2742□,6816□
20201218,111.5,112.5,110.5,111,1065,111.10□,114.03◆,116.94□,122.40□,1696□,3261□,2722□,6797□
20201221,112,112.5,109.5,111.5,1566,111.00□,114.05◆,116.66□,122.36□,1652□,3201□,2717□,6736□
20201222,111.5,114.5,111,111,2456,111.40◆,114.03□,116.47□,122.33□,1576□,3246◆,2665□,6720□
20201223,111,112.5,110.5,112,885,111.4,114.10◆,116.30□,122.26□,1465□,3198□,2621□,6630□
20201224,114,115,113,113,1722,111.70◆,114.00□,116.10□,122.21□,1539◆,3050□,2621◆,6566□
20201225,113.5,115,113.5,114,1425,112.30◆,113.90□,115.92□,122.20□,1611◆,2929□,2621◆,6498□
20201228,114.5,115.5,113.5,114.5,1908,112.90◆,113.95◆,115.75□,122.18□,1679◆,2889□,2636◆,6474□
20201229,115.5,116,114,114,1779,113.50◆,113.75□,115.56□,122.17□,1544□,2604□,2654◆,6446□
20201230,114.5,115.5,114,114.5,1365,114.00◆,113.55□,115.34□,122.20◆,1640◆,2397□,2645□,6419□
20201231,115,115.5,114,114.5,1116,114.30◆,113.45□,115.13□,122.17□,1519□,2298□,2644□,6350□
20210104,115.5,118.5,115.5,117.5,4433,115.00◆,113.55◆,115.00□,122.21◆,2120◆,2350◆,2678◆,6336□
20210105,117.5,121.5,116.5,121.5,8379,116.40◆,113.70◆,114.98□,122.26◆,3415◆,2495◆,2761◆,6311□
20210106,125,127,118,119.5,13623,117.50◆,113.80◆,114.94□,122.24□,5783◆,2982◆,2953◆,6186□
20210107,121,121.5,118.5,119,3139,118.40◆,113.93◆,114.88□,122.25◆,6138◆,2904□,2967◆,6076□
20210108,120,120.5,117.5,117.5,2788,119.00◆,114.10◆,114.82□,122.24□,6473◆,2896□,2993◆,6031□
20210111,118,120,118,119,2505,119.30◆,114.43◆,114.78□,122.15□,6087□,2878□,3012◆,5786□
20210112,120,120,117,117.5,2389,118.50□,114.70◆,114.71□,121.99□,4889□,2909◆,3018◆,5332□
20210113,119,120,118,119.5,2731,118.5,115.23◆,114.64□,121.83□,2711□,2903□,3026◆,5171□
20210114,120,125.5,119,124.5,10231,119.60◆,115.85◆,114.64,121.75□,4129◆,3343◆,3178◆,5054□
20210115,127,127.5,117.5,118.5,8853,119.80◆,116.20◆,114.58□,121.61□,5342◆,3718◆,3296◆,4991□
20210118,119,119.5,115.5,119,2116,119.8,116.60◆,114.53□,121.53□,5264□,3771◆,3311◆,4850□
20210119,120,121,117.5,117.5,2394,119.8,116.90◆,114.49□,121.42□,5265◆,3812◆,3321◆,4790□
20210120,118,118.5,112,112.5,3719,118.40□,116.98◆,114.38□,121.26□,5463◆,3875◆,3354◆,4763□
20210121,113,115,111,112,2157,115.90□,116.98,114.30□,121.05□,3848□,3939◆,3337□,4600□
20210122,113,116.5,112.5,115.5,2776,115.30□,117.10◆,114.27□,120.90□,2633□,3991◆,3345◆,4562□
20210125,116,117.5,114.5,116.5,2651,114.80□,117.23◆,114.32◆,120.74□,2740◆,4053◆,3326□,4517□
20210126,117.5,119,115,115.5,3232,114.40□,117.28◆,114.40◆,120.57□,2907◆,4119◆,3303□,4463□
20210127,116.5,119.5,116,118.5,3654,115.60◆,117.50◆,114.46◆,120.44□,2894□,4213◆,3314◆,4354□
20210128,117,118,115,115.5,3028,116.30◆,117.55◆,114.43□,120.33□,3068◆,4296◆,3295□,4119□
20210129,116,116.5,112,112.5,2242,115.70□,117.45□,114.36□,120.16□,2962□,4352◆,3302◆,4041□
20210201,112,112.5,109.5,111,1244,114.60□,117.13□,114.30□,119.99□,2680□,4193□,3285□,3993□
20210202,111.5,114,111.5,112.5,1197,114.00□,116.68□,114.33◆,119.83□,2273□,3834□,3183□,3957□
20210203,113,113.5,111.5,112,888,112.70□,116.30□,114.36◆,119.65□,1720□,3197□,3146□,3882□
20210204,112,113,111.5,112.5,648,112.10□,115.98□,114.38◆,119.46□,1244□,3072□,3128□,3806□
20210205,113,114,112,112.5,1394,112.1,115.73□,114.43◆,119.28□,1074□,3003□,3115□,3780□
20210217,112.5,112.5,108,108.5,3177,111.60□,115.20□,114.44◆,119.11□,1461◆,3036◆,3110□,3738□
20210218,109.5,111.5,108,109.5,2086,111.00□,114.80□,114.44,119.00□,1639◆,3021□,3110◆,3626□
20210219,109.5,110,108,109.5,1428,110.50□,114.30□,114.43□,118.94□,1747◆,2956□,3088□,3532□
20210222,111,113.5,110,113,2753,110.60◆,113.73□,114.48◆,118.87□,2168◆,2582□,3101◆,3491□
20210223,112,113,110.5,112,2112,110.50□,113.40□,114.53◆,118.78□,2311◆,2245□,3110◆,3471□
20210224,112,113,109,110,2887,110.80◆,112.95□,114.53,118.65□,2253□,2283◆,3105□,3461□
20210225,111,112,110,110.5,1367,111.00◆,112.60□,114.52□,118.53□,2110□,2232□,3082□,3451□
20210226,109,113,109,111.5,2754,111.40◆,112.55□,114.52,118.41□,2375◆,2184□,3102◆,3432□
20210302,113,114,111.5,111.5,2150,111.10□,112.53□,114.53◆,118.25□,2254□,2184□,3107◆,3366□
20210303,112.5,113.5,111.5,113,1331,111.30◆,112.40□,114.50□,118.11□,2098□,2111□,3051□,3325□
20210304,113,117.5,112.5,112.5,4896,111.80◆,112.20□,114.44□,117.90□,2500◆,2224◆,3068◆,3067□
20210305,112,117,111.5,116.5,5179,113.00◆,112.25◆,114.49◆,117.75□,3262◆,2321◆,3110◆,3014□
20210308,119,119.5,113,114.5,4585,113.60◆,112.05□,114.43□,117.61□,3628◆,2367◆,3062□,2992□
20210309,116,124.5,115.5,123,17409,115.90◆,112.43◆,114.51◆,117.51□,6680◆,3086◆,3260◆,3059◆
20210310,124,127,121.5,127,14618,118.70◆,113.15◆,114.68◆,117.47□,9338◆,3705◆,3452◆,3138◆
20210311,126.5,128,125,128,7876,121.80◆,114.00◆,114.89◆,117.46□,9934◆,4037◆,3527◆,3176◆
20210312,129,131,126.5,127,7148,123.90◆,114.73◆,115.03◆,117.42□,10327◆,4334◆,3554◆,3207◆
20210315,128.5,129.5,127,129.5,3418,126.90◆,115.60◆,115.23◆,117.41□,10094□,4461◆,3546□,3215◆
20210316,130.5,131.5,123,123,7997,126.9,116.13◆,115.34◆,117.36□,8212□,4828◆,3602◆,3265◆
20210317,126,126,123,124,4386,126.30□,116.70◆,115.51◆,117.29□,6165□,4978◆,3625◆,3252□
20210318,124.5,127,124.5,126,3792,125.90□,117.58◆,115.73◆,117.23□,5348□,5009◆,3641◆,3228□
20210319,125,126.5,124.5,126,2323,125.70□,118.40◆,115.97◆,117.16□,4383□,5021◆,3650◆,3222□
20210322,126,128,124.5,126.5,2625,125.10□,119.25◆,116.26◆,117.09□,4225□,5080◆,3647□,3202□
20210323,127.5,130.5,126.5,126.5,5930,125.80◆,119.93◆,116.50◆,117.03□,3811□,5239◆,3721◆,3237◆
20210324,126.5,128,125.5,126,1967,126.20◆,120.63◆,116.74◆,117.00□,3328□,5232□,3732◆,3237□
20210325,126.5,130,126,127.5,3529,126.50◆,121.50◆,117.02◆,116.98□,3275□,5264◆,3773◆,3247◆
20210326,129,129,125,126.5,2520,126.60◆,122.30◆,117.27◆,116.96□,3314◆,5322◆,3789◆,3253◆
20210329,128.5,128.5,127,127.5,2018,126.80◆,123.10◆,117.54◆,117.01◆,3193□,5285□,3781□,3223□
20210330,128.5,131,127.5,128,4881,127.10◆,123.93◆,117.81◆,117.06◆,2983□,5422◆,3848◆,3234◆
20210331,127.5,127.5,124.5,125.5,3007,127.00□,124.55◆,118.02◆,117.06◆,3191◆,5505◆,3869◆,3245◆
20210401,126,126.5,123,123.5,2509,126.20□,125.10◆,118.18◆,117.05□,2987□,5386□,3887◆,3254◆
20210406,124,125,123,124,1708,125.70□,125.48◆,118.33◆,117.04□,2825□,5212□,3884□,3260◆
20210407,125.5,126,124,124,1799,125.00□,125.95◆,118.50◆,117.03□,2781□,5073□,3884◆,3269◆
20210408,124,125.5,123.5,125,1501,124.40□,126.05◆,118.68◆,117.01□,2105□,4278□,3887◆,3266□
20210409,125.5,126,123,123,2116,123.90□,125.85□,118.82◆,116.97□,1927□,3653□,3903◆,3274◆
20210412,123.5,124,120,120,3013,123.20□,125.45□,118.86◆,116.93□,2028◆,3409□,3880□,3279◆
20210413,120.5,124,120.5,121,2139,122.60□,125.15□,118.85□,116.92□,2114◆,3159□,3776□,3268□
20210414,122.5,123,116,121,3138,122.00□,124.73□,118.88◆,116.91□,2382◆,3145□,3601□,3277◆
20210415,122,122.5,120,122.5,1239,121.50□,124.70□,118.93◆,116.91,2329□,2807□,3569□,3268□
20210416,123,126.5,122.5,125,3521,121.90◆,124.75◆,119.06◆,116.94◆,2610◆,2764□,3581◆,3287◆
20210419,128,134,127.5,134,14652,124.70◆,125.15◆,119.31◆,117.05◆,4938◆,3307◆,3784◆,3398◆
20210420,137,137.5,132,136,9273,127.70◆,125.65◆,119.62◆,117.16◆,6365◆,3654◆,3899◆,3458◆
20210421,135,135,128,128,9116,129.10◆,125.73◆,119.76◆,117.20◆,7560◆,3979◆,4005◆,3516◆
20210422,131,131,122.5,123,6980,129.20◆,125.55□,119.73□,117.19□,8709◆,4031◆,3951□,3564◆
20210423,123.5,125.5,121.5,123,3572,128.80□,125.40□,119.81◆,117.20◆,8719◆,4112◆,3863□,3579◆
20210426,124,124.5,121.5,122.5,3084,126.50□,125.15□,119.87◆,117.20◆,6405□,4089□,3879◆,3595◆
20210427,123,128.5,122,127.5,5424,124.80□,125.20◆,120.03◆,117.26◆,5635□,4235◆,3929◆,3625◆
20210428,127.5,127.5,125,127,3149,124.60□,125.18□,120.28◆,117.33◆,4442□,4291◆,3920□,3637◆
20210429,127,127.5,123.5,123.5,2339,124.70◆,124.95□,120.47◆,117.38◆,3514□,4164□,3923◆,3630□
20210503,123,124.5,120.5,121,2683,124.30□,124.73□,120.56◆,117.41◆,3336□,4148□,3921□,3633◆
20210504,122,123,112.5,116,4715,123.00□,124.35□,120.55□,117.43◆,3662◆,4258◆,3956◆,3641◆
20210505,116.5,120,115,116.5,2555,120.80□,123.98□,120.57◆,117.48◆,3088□,4301◆,3945□,3624□
20210506,117.5,118,113,113.5,2531,118.10□,123.45□,120.48□,117.47□,2965□,4337◆,3926□,3620□
20210507,115,118,114.5,117.5,1650,116.90□,123.08□,120.52◆,117.48◆,2827□,4345◆,3903□,3599□
20210510,116,116.5,113,113,2520,115.30□,122.58□,120.53◆,117.44□,2794□,4365◆,3908◆,3605◆
20210511,111.5,111.5,102,102.5,5825,112.60□,121.70□,120.38□,117.34□,3016◆,4505◆,3984◆,3635◆
20210512,101,101,92.3,92.3,8231,107.76□,120.27□,120.05□,117.19□,4152◆,4810◆,4101◆,3642◆
20210513,89,95.5,88.8,93.5,4098,103.76□,118.89□,119.74□,117.05□,4465◆,4858◆,4155◆,3650◆
20210514,94.5,96.9,92.5,93.5,3018,98.96□,117.44□,119.42□,116.90□,4739◆,4947◆,4194◆,3661◆
20210517,88.1,92.5,86.5,89.1,3108,94.18□,115.65□,119.03□,116.73□,4856◆,4926□,4223◆,3669◆
20210518,90.8,96.6,90.3,96,2988,92.88□,113.75□,118.82□,116.63□,4289□,4343□,4220□,3665□
20210519,95,96,93,94.6,1969,93.34◆,111.68□,118.58□,116.51□,3036□,3978□,4218□,3664□
20210520,95,95.5,92.1,92.2,1680,93.08□,109.89□,118.29□,116.36□,2553□,3606□,4222◆,3655□
20210521,93.9,95.5,93.8,94.9,2060,93.36◆,108.48□,117.99□,116.24□,2361□,3360□,4210□,3655◆
20210524,94.4,98.1,94.1,98.1,2390,95.16◆,107.24□,117.75□,116.14□,2218□,3301□,4215◆,3663◆
20210525,99.8,100.5,98.2,99.1,3211,95.78◆,106.07□,117.57□,116.05□,2262◆,3307◆,4220◆,3663◆
20210526,100.5,101.5,99.1,101,1740,97.06◆,104.74□,117.41□,115.97□,2216□,3123□,4226◆,3654□
20210527,101,101,98.5,100,2784,98.62◆,103.39□,117.22□,115.87□,2437◆,3105□,4227◆,3664◆
20210528,98.3,98.5,97.1,97.5,1887,99.14◆,102.09□,116.99□,115.76□,2403□,3082□,4223□,3665◆
20210531,99.4,101,98.3,98.4,3046,99.20◆,100.96□,116.75□,115.62□,2534◆,3100◆,4251◆,3651□
20210601,100,108,99.9,108,8075,100.98◆,100.56□,116.67□,115.56□,3507◆,3268◆,4304◆,3686◆
20210602,109,109.5,102,104,9960,101.58◆,99.94□,116.46□,115.48□,5151◆,3639◆,4384◆,3747◆
20210603,105,105,102.5,103,2282,102.18◆,99.41□,116.27□,115.35□,5050□,3626□,4345□,3703□
20210604,102,105.5,101,102.5,2428,103.18◆,98.66□,115.93□,115.22□,5158◆,3665◆,4096□,3678□
20210607,103.5,108.5,100.5,108,6616,105.10◆,98.41□,115.61□,115.15□,5872◆,3870◆,3962□,3707◆
20210608,106,107.5,103.5,104,4906,104.30□,98.49◆,115.21□,115.05□,5239□,3824□,3913□,3720◆
20210609,103.5,105,103,103.5,1548,104.20□,99.05◆,114.82□,114.93□,3556□,3490□,3820□,3687□
20210610,105,105.5,103,105,1694,104.60◆,99.62◆,114.41□,114.82□,3439□,3370□,3791□,3669□
20210611,106,106.5,105,105.5,1947,105.20◆,100.22◆,114.12□,114.73□,3342□,3316□,3690□,3646□
20210615,107,107,104,104,2023,104.40□,100.97◆,113.79□,114.65□,2424□,3262□,3651□,3638□
20210616,103.5,107,103.5,104.5,2241,104.50◆,101.39◆,113.43□,114.58□,1891□,3224□,3625□,3633□
20210617,104.5,107.5,104.5,106.5,3006,105.10◆,101.99◆,113.10□,114.54□,2182◆,3276◆,3636◆,3643◆
20210618,107.5,110.5,106.5,108.5,5085,105.80◆,102.80◆,112.80□,114.53□,2861◆,3447◆,3677◆,3662◆
20210621,107.5,108,105,105.5,2982,105.8,103.33◆,112.45□,114.48□,3068◆,3493◆,3628□,3675◆
20210622,107,110,105.5,108.5,4445,106.70◆,103.85◆,112.16□,114.45□,3552◆,3595◆,3669◆,3700◆
20210623,110,111,108,110,3427,107.80◆,104.40◆,111.87□,114.44□,3789◆,3606◆,3668□,3720◆
20210624,111,114.5,110.5,111,4313,108.70◆,104.90◆,111.61□,114.44□,4051◆,3735◆,3698◆,3743◆
20210625,112,114,111.5,114,3394,109.80◆,105.60◆,111.39□,114.47◆,3712□,3765◆,3720◆,3751◆
20210628,113.5,114.5,111.5,112.5,3202,111.20◆,106.35◆,111.13□,114.47◆,3756◆,3831◆,3692□,3770◆
20210629,118,123.5,117.5,123.5,20290,114.20◆,107.60◆,111.10□,114.56◆,6925◆,4693◆,3981◆,3925◆
20210630,127,128.5,122,123.5,16748,116.90◆,108.38◆,111.1,114.64◆,9590◆,5127◆,4218◆,4053◆
20210701,125,128,120.5,121.5,7290,119.00◆,109.25◆,111.05□,114.69◆,10185◆,4993□,4311◆,4097◆
20210702,123,124,120,122,3045,120.60◆,110.20◆,111.02□,114.76◆,10115□,5032◆,4332◆,4108◆
20210705,124,126.5,123,125.5,3899,123.20◆,111.35◆,111.03◆,114.85◆,10255◆,5105◆,4372◆,4129◆
20210706,126.5,127,121,122,4123,122.90□,112.05◆,111.01□,114.92◆,7021□,4981□,4405◆,4154◆
20210707,121,124.5,120.5,121.5,3303,122.50□,112.93◆,111.04◆,114.95◆,4332□,4900□,4410◆,4145□
20210708,123,125.5,122.5,123,2412,122.80◆,113.90◆,111.07◆,114.96◆,3357□,4944◆,4414◆,4095□
20210709,121.5,124,120.5,121.5,2083,122.70□,114.73◆,111.08◆,114.98◆,3164□,4963◆,4397□,3999□
20210712,123.5,125,121.5,122,2692,122.00□,115.55◆,111.07□,115.00◆,2923□,5000◆,4421◆,3995□
20210713,123.5,125,122,122.5,3324,122.10◆,116.48◆,111.03□,115.04◆,2763□,5065◆,4418□,4000◆
20210714,124,130.5,124,128,13125,123.40◆,117.65◆,110.93□,115.12◆,4727◆,5610◆,4392□,4088◆
20210715,127.5,128,122,123,6422,123.4,118.48◆,110.71□,115.17◆,5529◆,5780◆,4345□,4122◆
20210716,122,124,121.5,123.5,2493,123.80◆,119.23◆,110.64□,115.20◆,5611◆,5651□,4234□,4120□
20210719,122.5,123.5,122,122,1151,123.8,120.05◆,110.62□,115.18□,5303□,5559□,4137□,4044□
20210720,120.5,121.5,118,118.5,3602,123.00□,120.55◆,110.55□,115.18,5359◆,5517□,4138◆,4000□
20210721,120.5,121,115,117,2955,120.80□,120.90◆,110.45□,115.16□,3325□,5493□,4136□,4007◆
20210722,118,124.5,118,123,5000,120.8,121.50◆,110.38□,115.21◆,3040□,5528◆,4129□,4029◆
20210723,123,124,120.5,121.5,2078,120.40□,121.88◆,110.29□,115.28◆,2957□,5462□,4111□,4015□
20210726,121,125,121,124,2326,120.80◆,122.45◆,110.30◆,115.38◆,3192◆,5418□,4111□,4017◆
20210727,125,125,120,120,2478,121.10◆,122.28□,110.28□,115.42◆,2968□,4528□,4107□,4014□
20210728,119,121,114,118,3596,121.30◆,122.00□,110.31◆,115.43◆,3096◆,3870□,4088□,4022◆
20210729,118,120,116,118.5,1851,120.40□,121.85□,110.35◆,115.46◆,2466□,3598□,4077□,4011□
20210730,118,118.5,116,116.5,2079,119.40□,121.58□,110.40◆,115.44□,2466◆,3550□,4069□,3998□
20210802,115,116,112.5,113.5,3175,117.30□,120.98□,110.33□,115.42□,2636◆,3514□,4095◆,3999◆
20210803,115,115,113,114,1161,116.10□,120.58□,110.35◆,115.44◆,2373□,3365□,4072□,3990□
20210804,114.5,115,112.5,113.5,1517,115.20□,120.18□,110.53◆,115.46◆,1957□,3276□,4000□,3992◆
20210805,114,116.5,113.5,114,1520,114.30□,119.73□,110.89◆,115.47◆,1891□,3232□,3888□,3995◆
20210806,115,115.5,113.5,114,1088,113.80□,119.35□,111.23◆,115.49◆,1692□,3182□,3838□,3996◆
20210809,114,114,110,110,2230,113.10□,118.75□,111.51◆,115.47□,1503□,3159□,3825□,4010◆
20210810,111,112,108,110,2040,112.30□,118.13□,111.86◆,115.44□,1679◆,3094□,3807□,4015◆
20210811,110.5,110.5,106,106.5,2166,110.90□,117.05□,112.03◆,115.43□,1809◆,2547□,3793□,4007□
20210812,109.5,117,109.5,114,6975,110.9,116.60□,112.35◆,115.47◆,2900◆,2574◆,3877◆,4047◆
20210813,113,115,111,112,2898,110.50□,116.03□,112.68◆,115.49◆,3262◆,2594◆,3897◆,4060◆
20210816,109.5,111,106,107.5,3080,110.00□,115.30□,112.89◆,115.44□,3432◆,2691◆,3914◆,4062◆
20210817,108.5,108.5,104,104,1967,108.80□,114.58□,112.99◆,115.37□,3417□,2609□,3907□,4061□
20210818,103,107.5,102,107,1969,108.90◆,114.08□,113.12◆,115.35□,3378□,2560□,3886□,4053□
20210819,105.5,106,101.5,101.5,1993,106.40□,113.00□,113.13◆,115.27□,2382□,2409□,3891◆,4059◆
20210820,102.5,105,101,103.5,1747,104.70□,112.10□,113.19◆,115.21□,2151□,2393□,3873□,4050□
20210823,105,107.5,104.5,106.5,1175,104.50□,111.23□,113.34◆,115.17□,1770□,2335□,3862□,4042□
20210824,109,110,107,108,1283,105.30◆,110.63□,113.50◆,115.12□,1634□,2276□,3832□,4042□
20210825,108,109.5,108,109,849,105.70◆,110.18□,113.52◆,115.09□,1410□,2138□,3712□,4008□
20210826,109.5,110,106.5,107.5,919,106.90◆,109.63□,113.58◆,115.02□,1195□,2092□,3561□,3972□
20210827,106.5,108.5,106,108,644,107.80◆,109.20□,113.66◆,114.97□,974□,2020□,3534□,3940□
20210830,108.5,109,107,108,585,108.10◆,108.93□,113.75◆,114.84□,856□,1890□,3503□,3799□
20210831,109,109,106.5,107.5,823,108.00□,108.60□,113.74□,114.68□,764□,1874□,3406□,3684□
20210901,107.5,111,107.5,110.5,1372,108.30◆,108.45□,113.85◆,114.53□,869◆,1866□,3348□,3630□
20210902,110.5,111,108,108,1111,108.40◆,108.15□,113.93◆,114.37□,907◆,1846□,3340□,3580□
20210903,109.5,110.5,108.5,108.5,985,108.50◆,107.88□,113.98◆,114.20□,975◆,1841□,3328□,3560□
20210906,109,109.5,106,106,1146,108.10□,107.68□,113.99◆,114.06□,1088◆,1786□,3315□,3503□
20210907,105,106,103,103.5,1438,107.30□,107.35□,113.98□,113.89□,1211◆,1756□,3305□,3478□
20210908,103.5,104.5,100.5,100.5,1577,105.30□,107.05□,113.92□,113.67□,1252◆,1727□,3294□,3460□
20210909,100.5,103,100,101.5,918,104.00□,106.43□,113.83□,113.47□,1213□,1424□,3260□,3448□
20210910,102,102.5,101,102,820,102.70□,105.93□,113.73□,113.27□,1180□,1320□,3188□,3433□
20210913,102.5,102.5,100,100,1087,101.50□,105.55□,113.63□,113.04□,1168□,1221□,3157□,3392□
20210914,101,101.5,99.9,100.5,1298,100.90□,105.38□,113.50□,112.83□,1140□,1187□,3104□,3387□
20210915,101,101.5,99.3,99.3,1234,100.66□,104.99□,113.32□,112.60□,1072□,1150□,3068□,3368□
20210916,100,100.5,99.4,100.5,500,100.46□,104.94□,113.15□,112.38□,988□,1076□,3004□,3351□
20210917,101,101.5,100,101.5,689,100.36□,104.84□,112.94□,112.16□,962□,1023□,2959□,3340□
20210922,99.8,100.5,98,98.3,1305,100.02□,104.43□,112.70□,111.92□,1005◆,1029◆,2928□,3310□
20210923,99.2,99.8,98.2,98.6,963,99.64□,103.96□,112.29□,111.69□,938□,1013□,2605□,3293□
20210924,99.4,100.5,99.3,99.8,728,99.74◆,103.50□,111.89□,111.49□,837□,1007□,2338□,3278□
20210927,100,100.5,99.3,99.3,590,99.50□,103.09□,111.52□,111.29□,855◆,991□,2227□,3269□
20210928,99.3,99.3,97.6,97.9,1107,98.78□,102.59□,111.12□,111.07□,939◆,1014◆,2195□,3263□
20210929,97.3,97.3,94.5,94.5,1776,98.02□,101.91□,110.60□,110.82□,1033◆,1073◆,2159□,3265◆
20210930,94.9,96.3,94.6,95.3,928,97.36□,101.30□,110.16□,110.59□,1026□,1079◆,2106□,3255□
20211001,95,95,92.3,92.3,1252,95.86□,100.39□,109.67□,110.36□,1131◆,1073□,2072□,3241□
20211004,93.2,95.3,92.1,92.7,961,94.54□,99.63□,109.17□,110.12□,1205◆,1065□,2048□,3231□
20211005,91.1,94,90.4,93.9,598,93.74□,98.90□,108.71□,109.89□,1103□,1046□,2023□,3210□
20211006,94.3,94.8,91,91.3,1061,93.10□,98.16□,108.20□,109.63□,960□,1042□,1996□,3208□
20211007,92.2,94.4,92.2,93.9,587,92.82□,97.68□,107.72□,109.37□,892□,999□,1950□,3184□
20211008,94.5,95.6,93.9,94.7,605,93.30◆,97.39□,107.16□,109.05□,763□,950□,1741□,3067□
20211012,94.7,95.3,92.1,92.4,787,93.24□,96.94□,106.65□,108.68□,728□,944□,1647□,2996□
20211013,93.3,93.3,89.9,90.6,1032,92.58□,96.37□,106.11□,108.37□,815◆,955◆,1623□,2929□
20211014,92.6,93.9,90.6,91.7,978,92.66◆,95.95□,105.60□,108.11□,798□,949□,1620□,2879□
20211015,92.9,93.9,92,93.7,678,92.62□,95.61□,105.19□,107.87□,816◆,918□,1571□,2855□
20211018,93.6,93.7,92,92,667,92.08□,95.25□,104.77□,107.61□,829◆,890□,1533□,2834□
20211019,92.8,95.4,92.8,94,1342,92.40◆,94.92□,104.29□,107.33□,940◆,932◆,1472□,2800□
20211020,95.8,95.8,94.1,94.1,747,93.10◆,94.55□,103.83□,107.06□,883□,935◆,1450□,2780□
20211021,95,95.5,94,94,632,93.56◆,94.34□,103.33□,106.81□,813□,901□,1422□,2766□
20211022,94.2,95.1,93.4,94.4,715,93.70◆,94.13□,102.90□,106.59□,821◆,889□,1393□,2750□
20211025,94.1,95.4,93.5,94.7,733,94.24◆,93.87□,102.52□,106.41□,834◆,889◆,1345□,2717□
20211026,95.3,97,94.8,95.3,911,94.50◆,93.67□,102.13□,106.24□,748□,905◆,1329□,2703□
20211027,95.3,96.5,95,96.4,605,94.96◆,93.60□,101.79□,106.10□,719□,880□,1305□,2687□
20211028,96.9,99.7,96.9,98.6,2193,95.88◆,93.80◆,101.55□,105.94□,1032◆,901◆,1288□,2691◆
20211029,98.7,98.9,96.6,97.1,1558,96.42◆,93.89◆,101.26□,105.81□,1200◆,932◆,1295◆,2683□
20211101,99,99,97.5,97.8,836,97.04◆,94.17◆,101.00□,105.77□,1221◆,911□,1283□,2642□
20211102,98.3,100.5,97.6,98,2064,97.58◆,94.43◆,100.74□,105.81◆,1451◆,967◆,1293◆,2590□
20211103,99,100,98.2,98.2,1783,97.94◆,94.65◆,100.47□,105.85◆,1687◆,1026◆,1304◆,2571□
20211104,100.5,101.5,98.3,98.5,2047,97.92□,95.01◆,100.28□,105.89◆,1658□,1075◆,1301□,2563□
20211105,98.6,99,96,97.7,1527,98.04◆,95.20◆,100.08□,105.97◆,1652□,1122◆,1293□,2550□
20211108,99,102,98.3,101.5,2994,98.78◆,95.54◆,99.99□,106.01◆,2083◆,1242◆,1306◆,2550◆
20211109,101.5,101.5,99.3,100,1812,99.18◆,95.92◆,99.76□,106.06◆,2033□,1293◆,1220□,2549□
20211110,100,100.5,99.3,99.5,963,99.44◆,96.36◆,99.55□,106.12◆,1869□,1289□,1188□,2543□
20211111,99.5,101.5,99.1,99.9,1439,99.72◆,96.77◆,99.42□,106.16◆,1747□,1312◆,1161□,2537□
20211112,100.5,102,100.5,101,855,100.38◆,97.14◆,99.37□,106.18◆,1613□,1321◆,1142□,2525□
20211115,102,103,101,102.5,1439,100.58◆,97.66◆,99.30□,106.21◆,1302□,1360◆,1133□,2510□
20211116,103.5,103.5,101.5,102,1383,100.98◆,98.06◆,99.31◆,106.22◆,1216□,1362◆,1123□,2507□
20211117,102,104,101.5,102,1651,101.48◆,98.46◆,99.28□,106.24◆,1354◆,1407◆,1122□,2497□
20211118,103,103,101,101.5,1193,101.80◆,98.83◆,99.20□,106.27◆,1304□,1435◆,1122◆,2492□
20211119,103,107.5,102.5,103.5,3662,102.30◆,99.29◆,99.12□,106.31◆,1866◆,1583◆,1161◆,2497◆
20211122,104,104,101.5,103.5,1099,102.50◆,99.73◆,99.03□,106.28□,1798□,1601◆,1166◆,2439□
20211123,102.5,103,101,101.5,994,102.40□,100.04◆,98.93□,106.25□,1720□,1605◆,1167◆,2364□
20211124,101,101.5,100.5,101,725,102.20□,100.27◆,98.82□,106.24□,1535□,1611◆,1168◆,2351□
20211125,101.5,104.5,101,101,1257,102.10□,100.39◆,98.70□,106.23□,1548◆,1564□,1179◆,2341□
20211126,101,101.5,99.4,99.6,1177,101.32□,100.51◆,98.57□,106.16□,1051□,1545□,1185◆,2296□
20211129,98.5,99,97,98.7,883,100.36□,100.56◆,98.37□,106.11□,1007□,1547◆,1177□,2262□
20211130,99.6,101,99.4,99.6,905,99.98□,100.64◆,98.23□,106.08□,990□,1490□,1174□,2257□
20211201,100,105,100,104.5,2548,100.68◆,100.95◆,98.16□,106.07□,1354◆,1528◆,1200◆,2264◆
20211202,104,105.5,103,104.5,2280,101.38◆,101.25◆,98.14□,106.07□,1559◆,1539◆,1219◆,2267◆
20211203,104.5,104.5,103.5,104.5,882,102.36◆,101.59◆,98.16◆,106.07◆,1500□,1507□,1209□,2257□
20211206,104,104,100.5,101.5,2117,102.92◆,101.59,98.17◆,106.05□,1747◆,1463□,1218◆,2256□
20211207,102,103,101.5,102.5,822,103.50◆,101.72◆,98.19◆,106.01□,1730□,1414□,1217□,2238□
20211208,103,103.5,102,102.5,683,103.10□,101.87◆,98.20◆,105.96□,1357□,1400□,1215□,2201□
20211209,103.5,105,103,103.5,2082,102.90□,102.05◆,98.26◆,105.95□,1317□,1432◆,1231◆,2194□
20211210,103.5,104.5,103,104,916,102.80□,102.20◆,98.31◆,105.91□,1324◆,1435◆,1225□,2165□
20211213,103.5,103.5,100.5,101,1673,102.70□,102.12□,98.34◆,105.83□,1235□,1447◆,1232◆,2150□
20211214,101.5,101.5,100,100.5,746,102.30□,102.05□,98.34,105.75□,1220□,1415□,1236◆,2120□
20211215,100.5,101.5,99.9,101.5,842,102.10□,102.02□,98.34,105.64□,1252◆,1374□,1239◆,2099□
20211216,102.5,104,101.5,103.5,1542,102.1,102.12◆,98.43◆,105.57□,1144□,1392◆,1243◆,2085□
20211217,103,103.5,102,103.5,1377,102.00□,102.12,98.51◆,105.40□,1236◆,1278□,1250◆,1928□
20211220,104,105,103,105,1770,102.80◆,102.20◆,98.60◆,105.25□,1256◆,1311◆,1267◆,1803□
20211221,105.5,107.5,104.5,105,3794,103.70◆,102.37◆,98.69◆,105.11□,1865◆,1451◆,1320◆,1774□
20211222,105,105.5,102,102.5,1961,103.90◆,102.45◆,98.77◆,104.95□,2089◆,1513◆,1335◆,1765□
20211223,102.5,103,102,102.5,1075,103.70□,102.52◆,98.90◆,104.75□,1996□,1504□,1323□,1741□
20211224,103,103.5,101.5,103.5,1224,103.7,102.72◆,99.04◆,104.60□,1965□,1506◆,1328◆,1717□
20211227,103.5,104,102,102.5,1389,103.20□,102.91◆,99.21◆,104.44□,1889□,1532◆,1330◆,1701□
20211228,103,103.5,102,102,824,102.60□,103.03◆,99.36◆,104.27□,1295□,1527□,1328□,1688□
20211229,102.5,103,101.5,102,1107,102.50□,102.90□,99.50◆,104.10□,1124□,1455□,1336◆,1680□
20211230,102.5,102.5,101.5,102,654,102.40□,102.78□,99.68◆,103.94□,1040□,1374□,1330□,1663□
20220103,102.5,102.5,101,101.5,995,102.00□,102.63□,99.80◆,103.76□,994□,1380◆,1336◆,1643□
20220104,102.5,102.5,101.5,102,513,101.90□,102.65◆,99.93◆,103.55□,819□,1300□,1335□,1538□
20220105,102.5,105,102,103,2382,102.10◆,102.68◆,100.10◆,103.38□,1130◆,1378◆,1361◆,1504□
20220106,104,106.5,104,105,4327,102.70◆,102.80◆,100.34◆,103.22□,1774◆,1560◆,1416◆,1520◆
20220107,105.5,106,102.5,103,2023,102.90◆,102.78□,100.53◆,103.07□,2048◆,1557□,1434◆,1527◆
20220110,103,103,101,102,904,103.00◆,102.68□,100.67◆,102.93□,2030□,1556□,1437◆,1504□
20220111,102.5,102.5,101,101,807,102.80□,102.68,100.82◆,102.80□,2089◆,1513□,1440◆,1487□
20220112,101.5,101.5,100,100,1142,102.20□,102.65□,100.92◆,102.60□,1841□,1533◆,1436□,1454□
20220113,100,101,100,100.5,785,101.30□,102.60□,101.03◆,102.43□,1132□,1530□,1437◆,1444□
20220114,100,100,97.5,98.3,2020,100.36□,102.34□,101.10◆,102.21□,1132□,1554◆,1460◆,1441□
20220117,98.3,101,98,100.5,704,100.06□,102.19□,101.20◆,102.05□,1092□,1520□,1460□,1426□
20220118,100.5,102,100,100.5,820,99.96□,101.97□,101.30◆,101.91□,1094◆,1473□,1462◆,1403□
20220119,99.3,100.5,99,99.4,848,99.84□,101.69□,101.36◆,101.75□,1036□,1325□,1460□,1395□
20220120,100,100.5,99.1,100,597,99.74□,101.56□,101.42◆,101.61□,998□,1257□,1460□,1382□
20220121,99.8,99.8,98,98,960,99.68□,101.34□,101.41□,101.48□,786□,1251□,1440□,1364□
20220124,97.2,97.3,95.5,96.6,1203,98.90□,100.99□,101.41□,101.34□,886◆,1250□,1434□,1364◆
20220125,96.6,97.4,95.8,95.8,925,97.96□,100.66□,101.37□,101.19□,907◆,1227□,1435◆,1359□
20220126,96.2,96.6,95,95.1,794,97.10□,100.31□,101.32□,101.03□,896□,1226□,1414□,1353□
